guid,retrofit_key,retrofit_value
f3a21b5f-0334-4d77-911f-faa9a45c92d7,elevation,5
80ab0289-8c72-4699-b12b-08ef2f2a5c91,elevation,5
7916eaa8-0bfa-4b32-84ff-20f19a520f5c,elevation,5
79008971-a534-4e45-9e40-43a2a904e59b,elevation,5
2ad8ab6f-057f-468e-9911-6e92d9d4d01f,elevation,5
42167885-ea18-41b4-be8c-5c09c330d312,elevation,5
2f8610f1-40de-44db-b3ea-1a0377e3e108,elevation,5
3dab0b4b-42eb-4df6-a5e1-c1882df41704,elevation,5
e474c4ef-a091-47ab-85b4-ef0459e37834,elevation,5
335d18da-7a60-4f4d-8c97-d35e0f3a1360,elevation,5
eb47b2e1-0f51-4e93-bd00-979cb6992b18,elevation,5
910074f1-f88e-4af3-ab70-15c6c62fb16d,elevation,5
aad9f3d3-88f9-4d4c-84a9-1895ad86ac98,elevation,5
7f789127-5219-46e8-a876-5c9d3e7be948,elevation,5
0368d9c6-8949-4c8a-a6f8-660606690500,elevation,5
a62ca987-944d-4b72-b5df-2b3f2efd03b4,elevation,5
031d5685-612d-49bb-9c7d-b5fa2f44abf5,elevation,5
2262ceaa-9bfd-45ae-82eb-bfecfce0bc05,elevation,5
7b863546-f113-49c9-8e99-d85db1451850,elevation,5
b191108d-5b6f-470d-8404-c3c03aabde90,elevation,5
9da4ad79-7e68-40b0-9b51-776df9d3c353,elevation,5
066ed012-4acf-47d5-a82a-09bec1b8ce95,elevation,5
bb5d8f44-9512-4f79-9960-17e968075cdd,elevation,5
907cc67f-46e2-49a0-8354-3eeeee5f58a5,elevation,5
cfca6de4-a4b0-4e92-890e-287f8ae05af1,elevation,5
8bedff88-ad0a-4b3a-acdf-c69e638caacd,elevation,5
11552d11-1930-48cc-9129-b407164202be,elevation,5
803d2e81-0b03-476e-86ef-7dd954e92606,elevation,5
bbff89ac-218f-4eb6-b435-af77c6315378,elevation,5
8e354c98-b37c-4548-98b9-e8b1620e6cfe,elevation,5
9df05672-2728-40e3-98f9-105b04470b90,elevation,5
321a0288-533d-4b37-9260-9b090f5311da,elevation,5
21007ce4-c57c-4584-ab91-c970e788389f,elevation,5
ee4cc2bc-0709-4ded-bdec-754e06fc9798,elevation,5
d3637889-c05e-4bcf-88d3-273ea2d839d2,elevation,5
c925ef03-4786-4161-b2ee-55b4f727e6b1,elevation,5
bd845514-1fee-461e-859d-8a9dbe323bbd,elevation,5
1b192e4e-05d8-4f7f-8699-66bd26174c62,elevation,5
4008b856-b536-448f-ba88-b02b861fd0a1,elevation,5
9af417c2-f1fd-4ef1-9ef8-f4dde62b246c,elevation,5
32e17af6-2349-41e1-a69c-45fbe2b0563b,elevation,5
0fdb482d-761e-4aba-a37a-8e4a87ac841a,elevation,5
c3a296a6-0a3f-4c0f-a9f5-a582d1426911,elevation,5
87886606-1cf0-436a-a4c0-790cb18e6bb4,elevation,5
2a740917-51ae-4c68-b38d-1950adab401c,elevation,5
5d54be8a-b352-437c-961d-829f4cc3c66a,elevation,5
66cb003a-d2fb-4834-ba96-271e85bf1cb6,elevation,5
9ce2bc17-5f08-4d5f-a42b-bd96cd78912c,elevation,5
55017c14-4a92-4506-9de3-1d33ea6c384c,elevation,5
012f2cd0-9421-49d3-8e5c-c1a6be2ad7dd,elevation,5
8b514323-d99a-4528-ae82-df8d910152d6,elevation,5
e88563e0-d1e0-4846-a9fb-9f122784fa9d,elevation,5
3f68dee3-4132-4d6a-a53c-4989499ae63c,elevation,5
52583662-fc9a-4f46-a77b-ab812d4fedb8,elevation,5
8b1b6037-2a52-4b04-9ca7-0bfb4f7a552f,elevation,5
af410a89-e149-4219-b74b-3c3e335b02e7,elevation,5
8da0f4e6-0fdd-4f92-832a-39dc3f7f3c93,elevation,5
a5dc591d-7e29-49d5-b83c-c9ad9cb762fc,elevation,5
7ac99373-4956-4b18-918c-45b1b6961b5c,elevation,5
b7394938-7800-4618-a7b0-de0abc95d6da,elevation,5
d85823e9-4af0-4a65-aa09-ba9923a3a411,elevation,5
fce86173-ff5a-47cd-a28b-f0c50ce2dc25,elevation,5
faff53dc-b80a-4465-84c8-3131a22903bb,elevation,5
1bf3562e-0935-4a71-905e-bb4981b08ae9,elevation,5
d7a941dc-a495-4713-a136-585dcddab451,elevation,5
f082cf66-a302-4a31-bfbf-a761b1034792,elevation,5
acfbefba-9cc4-4aca-8da8-be27ec057317,elevation,5
075015a7-9d76-43bc-803f-bcc5e0603ac3,elevation,5
fbbefeaa-de4e-4061-bd03-fa81f401af45,elevation,5
2d4cd4b8-5483-45d8-b0a7-d8bf5062e25d,elevation,5
60955849-54c4-401d-b5ae-03c6adaa2207,elevation,5
4512ba4e-8ce9-443d-afab-cc66b0f9b952,elevation,5
85b8b03b-9cf0-4ea5-a3a0-4d6f550ae4a7,elevation,5
0af67d2a-433f-4154-a90a-5ba5a64967ca,elevation,5
8e07c79a-0d9c-473e-bd9e-1c9e800924a8,elevation,5
e67bb5b4-4877-4f67-94dc-20b3ed7b66ab,elevation,5
fa223485-37fd-4978-afdd-1e8178072ed8,elevation,5
87b072c1-4b25-4b98-a40a-a9d1f8ff536e,elevation,5
bcb7938b-5a23-4279-9391-52185e3dba73,elevation,5
b9ab713a-c87a-433a-a4c4-bf3f69cbfd91,elevation,5
5cc062c9-d658-4d06-8981-4556db093331,elevation,5
c66f7cd4-b070-4f4b-99d6-3cf49881a411,elevation,5
0fc65467-53a8-4084-b281-801e6f66df10,elevation,5
b907177e-02a8-4194-abca-2ad7d6c33596,elevation,5
497626a4-6d7b-446d-9abe-178040dbda8b,elevation,5
69b86483-6bb1-44a5-82bc-111353e8da99,elevation,5
ee6fb18b-79f5-40e8-826b-3b93580c2537,elevation,5
8586f410-8338-4519-acc1-f62ae51891d4,elevation,5
6080271f-ad5a-43a9-8ada-2b013f558f91,elevation,5
a1d09c24-450b-4ed8-9711-932a8038418f,elevation,5
2892dda2-0626-4e6b-91a8-4759d8c4347e,elevation,5
7d9d9cbe-9b81-4a16-89be-5bc1af1e4982,elevation,5
bf460561-ab8c-4913-bdc9-1abeee1c0eb4,elevation,5
28a8ae6f-c2ae-4056-9344-78bdf74efd10,elevation,5
c58747cd-a18b-4d79-8a15-30eba0e98844,elevation,5
a8fe2a82-242a-463d-8551-8aaa58bce893,elevation,5
0813b932-3978-453c-aebe-d6bae078f6c1,elevation,5
e7534d2b-93d6-42ec-a61f-3a0bdbd0a2a2,elevation,5
853889f1-99bf-4c8b-a01d-8ec60383b380,elevation,5
ee294585-848a-4144-8ff1-ef2eae2580a4,elevation,5
909119c7-32a1-45b5-9c4e-f64724d82d46,elevation,5
8149589b-8615-4b80-a575-aa5bdfd27b0b,elevation,5
33251b26-4cd9-431f-915d-df71a17c70b4,elevation,5
e89d271f-e9b0-4599-ad65-99f8f285e2fc,elevation,5
a644257e-aceb-4dc2-90ff-f44af089a3a0,elevation,5
ce9a82e9-f0b7-4ace-8feb-a85c3b45e661,elevation,5
0df038af-768d-4244-b342-d36583e39c2d,elevation,5
b5dd25eb-da54-4dd6-99d4-4b7bf5dee330,elevation,5
fb0ec60c-4e69-4d51-8416-51efbfdcaac3,elevation,5
a8f2bbe0-eff7-4b67-b23c-fde7efbe2f76,elevation,5
81ee5ba9-b537-4781-aac7-6e44102bf6fd,elevation,5
b99cd398-e269-4e54-8932-10ddf2cd65d4,elevation,5
1f7dbd85-1b5e-4a88-afe9-3ff723791ad6,elevation,5
5697ddc8-be4b-45c8-87f1-300928908dc9,elevation,5
5bf2a907-21ca-4c68-9ecf-d1226264a927,elevation,5
54cdc59d-1bd8-4de0-9351-9c8917ff5512,elevation,5
a73e81e3-5390-416c-93c6-3098da11dd50,elevation,5
1cbceab4-6144-4602-9ba9-9ead5f08e992,elevation,5
98471be9-d3ac-40f6-8cd6-56d994e7a3de,elevation,5
036feca9-2cb1-4844-8bf8-36942fb59261,elevation,5
09f6c122-fc31-402a-b26e-a3c3098d8908,elevation,5
0f9042df-1fa1-4bc9-9cd4-f14534b97039,elevation,5
c5d87aaa-a2bc-4a8d-a4da-8d852a95cd98,elevation,5
431ce2bb-768c-48b6-abec-cbda9f3e9cfe,elevation,5
65fc43b9-3ac7-4a02-93b5-a4d2591e3480,elevation,5
89e0d86c-94ae-4de8-b695-87a965a90eeb,elevation,5
23900f44-469c-4600-a6fa-f065454ac2bd,elevation,5
99562403-c556-42db-b096-e6ef5522c8fe,elevation,5
cae465a0-8d36-4eaa-9bda-886067841864,elevation,5
bff4bfce-8b10-4665-aa65-a7929aaeaaf9,elevation,5
0071c082-ed85-4352-bdf9-d84112e84a71,elevation,5
128de776-940a-4f5f-b50c-38e93557d368,elevation,5
bbf73786-8336-485f-a7a1-4f087ca5b969,elevation,5
4b4d724d-f68e-462d-8554-197b1820853c,elevation,5
30581b7a-7f95-4197-8525-52f8b3a918d3,elevation,5
3e1ed58c-f227-4eeb-9ddc-2dbc6a2fecb2,elevation,5
d701f479-6316-4143-a27e-bcbdc43305a0,elevation,5
b1ad2e30-a2e1-470f-9fb9-00a0efb9f5cd,elevation,5
233c9739-bdfc-40d2-850c-f1e4e8aa76ea,elevation,5
d5583d86-3ea3-490b-adc1-f5a819954bea,elevation,5
b66291a9-ac33-4ec1-8684-30c4fd2bb36f,elevation,5
a65b8ddf-5e76-42c9-ad36-e760f0392fde,elevation,5
9656548c-bc65-4e2e-a6fb-b6f96883e060,elevation,5
4180a765-c371-4ff2-b28a-05a3d590fce6,elevation,5
177a50b2-7d0b-466d-b15f-90603b533d05,elevation,5
fd0342ab-6335-473f-a2c5-d12fbc64d840,elevation,5
f11f37f6-948e-47ca-8a24-1cd907004fa6,elevation,5
3c4f879c-d11c-4f81-a88d-c57ffd586f00,elevation,5
5a1d1f8d-8bf7-4266-a811-b933534bfae4,elevation,5
5a98b9e5-f90c-420d-8fc1-9ac7ed67abdd,elevation,5
3e0284a8-3860-4c1e-8576-531b6e2eb93a,elevation,5
e7fe3c6d-0f7f-46f4-a03e-5f51ce55fb8a,elevation,5
a5c879e9-d5b6-4b43-a605-57c0d65c4839,elevation,5
67ac8c31-49ff-4cb1-82c2-858048c5fa89,elevation,5
e896c8ce-7bd9-481c-af31-731b53a3d4b6,elevation,5
7b326f03-8481-4f22-9823-1ed91189c163,elevation,5
5b62d6ee-2d32-46ac-b5dc-2241c123a77b,elevation,5
ec23ea4e-20c1-4ebc-b4ba-d9d41e5152c1,elevation,5
388284c6-605a-43ab-b984-b0e811d8d00c,elevation,5
7f696096-8e07-4546-9eef-96760ce427bf,elevation,5
f78f2e6d-ec41-419d-aa0b-cc94f4133057,elevation,5
deda01c8-1b2c-435d-af1d-a80ec7ca2526,elevation,5
9af446ac-fd37-4e82-945c-9b5c04ab7571,elevation,5
d5806eae-d011-476e-afde-20645b51ad8c,elevation,5
02e6f56b-d66e-4714-9c5f-ecccc05340c1,elevation,5
e73748b4-b143-4bb4-8804-fbdea5350cf8,elevation,5
83df1922-7407-403f-b1c3-84205f67653e,elevation,5
44bed902-b36b-430b-91f7-298f3c02fdcc,elevation,5
3fbf48eb-ff38-462a-9fa8-18fbf1312501,elevation,5
a6bd9773-79de-4bda-b6f8-c2805ad993a0,elevation,5
4665bec2-3f61-44e5-9390-5b4f3e7f885a,elevation,5
2ffb15d2-ae2b-44b2-92a6-5ac2ab573910,elevation,5
10c7aea1-7110-47c0-bb1f-994703bafd1a,elevation,5
ea282237-e042-4029-9b9a-5cfa49accd42,elevation,5
3a2b867d-f807-40b1-8679-1c85d75d3b48,elevation,5
00b327b1-d15c-4bc4-a82d-bf3dd35dfc33,elevation,5
7114f04e-d21d-4f25-8f11-c407ab94bad9,elevation,5
f592a7de-06b4-4f26-871b-fe07af861bce,elevation,5
8fabb1ef-0033-46cd-99bc-679c7ecf0d46,elevation,5
7f7f8a55-eb07-46b3-b260-d3cbb34ac6cf,elevation,5
31b707e3-2ea0-4e75-973b-5ee4ff15574b,elevation,5
a66e08ac-8d49-40f0-9249-24941e099589,elevation,5
344ddea3-8239-45ba-bf81-16a26898a753,elevation,5
2c10b250-0727-49f3-b1f7-2de68beef91d,elevation,5
ea0e8cbd-f4dc-44e1-a13e-c856f5154719,elevation,5
c949fa98-9634-429c-aa34-7a0663ad15a9,elevation,5
64e80719-4679-474d-953e-fef1bec1c476,elevation,5
98bc2f59-caac-4819-aa37-515503680877,elevation,5
5488f7b9-23fc-4705-916d-c3ab8fd26e06,elevation,5
454b5db0-c1c5-4562-b79f-27c6ee8b3202,elevation,5
49342c23-0be5-4029-9f06-6e990658f6e9,elevation,5
ccc28976-7cbf-4c68-bcca-3ca7a5028a96,elevation,5
33e5fc23-07cd-4346-979e-e4a4962ee611,elevation,5
e91a4a5c-c480-4949-bed0-13f2d873a2d6,elevation,5
05a215cb-c3f4-41d4-8c65-f2187278b0d1,elevation,5
80d15c73-8ea3-45a0-b669-c875e93ce026,elevation,5
f912c2b1-860d-4fd3-9112-6b7398fc3211,elevation,5
2a1b7d11-eb49-43ae-9583-5dea7d7349c6,elevation,5
ed400494-5ce6-45d3-bddf-327fb75cce6c,elevation,5
3ff8d13b-286d-4e71-9f92-2c5f1a0906ad,elevation,5
28961f40-845b-420e-a3fd-a126c6f76d4b,elevation,5
74385a76-4715-4c39-9a20-28f23c1d0af7,elevation,5
2f5b7fa4-7407-4928-bcb3-a0a182dc0115,elevation,5
b8168b87-bc87-4639-9dfb-9ae9722df65c,elevation,5
bbaa70d9-44e1-4366-b23c-ad554a8bc9e8,elevation,5
ba1402c1-13af-4e48-8784-43e2b42332ae,elevation,5
0722a1c4-6d89-437c-adde-69f36fe701e0,elevation,5
b3aca286-4ba3-4d56-974b-4fc6a834e081,elevation,5
8bc61b2f-52a5-4c13-a82f-e9326f745dd7,elevation,5
0734dbed-735a-4320-b7d0-6f3edb749f2f,elevation,5
d97ffd5a-58a7-4c8f-9a02-ac5c11154f45,elevation,5
3d751a9b-e687-44fc-8c46-bba28a9a817a,elevation,5
ade4ddac-5732-4c4b-96da-f1df38bf1043,elevation,5
85687bee-e8a4-4f6e-99ea-6194ebe4fce4,elevation,5
554a092e-6ce3-4cf6-815e-c418c11d5b56,elevation,5
b9ed3ee0-45ca-4b0c-a71a-e35980cfafa8,elevation,5
172075b5-fdb5-489b-be15-e38624b15881,elevation,5
a76fd7df-f5b7-4e67-ae78-781e2224c099,elevation,5
089e437e-960d-4e9a-ab29-06abad160c14,elevation,5
f05f489d-177c-41b9-9b59-381a406f62b2,elevation,5
5e0ff52f-3bd7-4ce1-b47c-6b9278ea4722,elevation,5
f95e0aac-52aa-48b7-8807-8c103f50759d,elevation,5
7a4724d2-608b-4b1c-b5dc-9b2bb964bd70,elevation,5
86c3ee51-a9ee-4aa1-993a-7fbe9640489e,elevation,5
054c10d8-179c-41ec-90e2-d89b26cbb5f8,elevation,5
af71fb23-dc84-4ea5-914d-ee27604c7f2e,elevation,5
cad8e05f-f9fa-4614-af79-8e523cca9d9b,elevation,5
ceef46c0-5814-44a1-a087-edd990003ba9,elevation,5
1e35adeb-2d5c-4219-86b4-f051a2f1905c,elevation,5
2c651c18-7836-460c-899d-6c4a06b8e132,elevation,5
a32060cb-259c-499e-b94c-c8066854df98,elevation,5
0b9c4b36-591d-4f56-a56e-0404339b31f5,elevation,5
56de7d63-0855-4548-9942-0eba75c8261c,elevation,5
38c35673-300d-4cd0-9232-e364ffdb9144,elevation,5
2cf6f83c-8cd6-4903-8831-b76c4ff3047b,elevation,5
b8ee7b38-6eb7-4cfa-aa10-9b5c19950afa,elevation,5
372c6620-21ad-4bba-9331-1e6c7c857747,elevation,5
64dd13a6-c3a9-44d4-b41b-a11285a8cdc4,elevation,5
28b81736-4c6b-461a-b8d5-efb4bdac2088,elevation,5
8efe7060-d23e-4af0-8a58-5d84efc0d716,elevation,5
7068163e-cb5b-4c55-9f0c-40d5f5ab84f4,elevation,5
d7f57527-4432-44ee-85b5-2c2c7f40cef3,elevation,5
8fa39140-063e-422a-8de7-07513402adae,elevation,5
76569fac-1fc5-47b8-8ed4-a5304d799938,elevation,5
6e77294e-9191-400f-813d-7cc9bf4d49bb,elevation,5
41cd3882-64e4-48cd-bbb9-25cdcc25c134,elevation,5
9191bd5c-0264-4b8f-bd8f-8f21062e3fe7,elevation,5
9a4bebde-4f36-41fb-8570-e9f9a4f07833,elevation,5
670e8632-867e-49e6-b4c2-08d14f83b7e0,elevation,5
312a1211-036c-47f6-a2f9-232dfdf6f968,elevation,5
95b1babf-05d1-4f88-94ae-c51d1cb76537,elevation,5
6be55f60-cd15-4858-bb1a-53d53684c746,elevation,5
64de4aaf-51be-4d69-b226-33b90eaf8515,elevation,5
d0d592b6-35a8-4ff4-b8eb-2fe39fd2dcca,elevation,5
d4ac06d1-1ab4-4120-ba19-848de15dd2d8,elevation,5
d1afd2cf-ea03-4a9c-b70d-f497006eb621,elevation,5
91328cda-b3d4-4c24-988d-6faf874f38a9,elevation,5
8a0b11ae-bdc1-48b3-a9b2-8509115ddf37,elevation,5
ebc4529b-fe16-46d9-88bf-20922fbd0f74,elevation,5
0b7438fe-bcba-4b02-8bce-2196993680cd,elevation,5
7fae59c5-c1ba-4469-8285-261156afdb4f,elevation,5
5acc3aa2-7c65-4e89-ba50-e07109549d11,elevation,5
13729f97-c34f-4626-a1c5-4687308d35e1,elevation,5
13c3839e-5c55-4163-ba00-63cbeb73d64f,elevation,5
d98fcfa5-7663-44c1-ae95-087a69fad21c,elevation,5
159c48c8-7d41-4f86-a3a0-86ffd3aeff36,elevation,5
b37bbbd8-638e-485d-8d9a-ebcb414f6c84,elevation,5
77b7d142-e408-498b-856f-6d655f3d448b,elevation,5
7e0143e1-af60-4a87-9e05-48fd2d476294,elevation,5
b8f3cc37-eb36-4222-a46a-bd7b9530dba8,elevation,5
0b936593-202e-4bc1-b379-f2bfe6a5c9ec,elevation,5
b201846d-57e9-42ba-8fd4-c3447d732384,elevation,5
75099ce0-f7db-4687-a512-243c280a9359,elevation,5
7666aabc-138c-42e9-a8b4-8e1c7c9e5648,elevation,5
0a295abd-b93f-4f62-b251-61a4298e6fe9,elevation,5
57cf9cc5-fe38-4477-82c5-a0757fa45cbb,elevation,5
45c90ed0-75e6-4b11-85db-703a9406361a,elevation,5
3eacc991-4d7f-4807-a606-c6309a102e2e,elevation,5
5e6d79dd-6cc9-4573-beed-aa08ce36f18d,elevation,5
60292da6-4e82-440c-9a9d-e06fa84abd4c,elevation,5
8efe7400-11de-4889-8966-b79adbb2c2c7,elevation,5
2d01de25-f386-4012-b361-c9f8afc28e28,elevation,5
22c1092c-3af8-466d-a51f-e7624308ce59,elevation,5
5edad9cb-3e3e-49c7-aaeb-d7e72d15fc72,elevation,5
bef5d401-9ab1-49a3-aa57-d055220dc4e5,elevation,5
04dc6522-ab9f-4835-b968-2e65c2b510ed,elevation,5
3b725166-2ab8-42a1-ba30-15086e93f5b4,elevation,5
744da2eb-cfdf-474f-8502-b24154a94128,elevation,5
b646b6a8-116b-4718-946f-da8d6e4ea560,elevation,5
9c29d144-6d54-43e9-98fc-c55a0e1de558,elevation,5
fcfaa571-4eb8-495a-9545-b81d1edf9933,elevation,5
789e5e5e-100c-481c-a701-b8c50f64def6,elevation,5
62ed0a25-0ab8-4247-bfed-1edb4692b56c,elevation,5
b367cefb-1ebc-4ee0-8657-cf3cc18d305c,elevation,5
930c49a2-f573-4cf4-aa20-fc70910fce0b,elevation,5
ec5bfd30-9eda-4308-97c8-1fcbbc7ed254,elevation,5
a233910b-3e3d-4691-ad43-3972abe7c48c,elevation,5
d77cebe0-9af9-4ef9-b3bd-0b767e2f73b6,elevation,5
ef581011-7a44-41a6-9132-787c5a09faf9,elevation,5
f7d5064d-8ce8-4e24-a3a4-6e557fe9b2a6,elevation,5
f3e2d76e-8228-4a69-a93e-240c34fdc271,elevation,5
73d034c7-94f8-47f3-8da1-d363a75f395e,elevation,5
361303c9-d9a5-4ce1-a88e-81f1883a94bb,elevation,5
b41173e2-da59-4df0-a62d-e982488328c8,elevation,5
64a981ef-3930-49b5-82ad-c30574f0dcc0,elevation,5
6b83cb19-483f-482b-af66-c712e2e3d965,elevation,5
5ad66e24-cb92-4d53-bed2-e18c97edaedc,elevation,5
4612ae9f-67ea-4615-a969-4051aec8f0e5,elevation,5
a8600291-9b6f-407c-a0bc-a8fb58b83299,elevation,5
d69ddd5d-0a25-4db7-8b31-81f578a96be6,elevation,5
1d559f95-3e9c-474b-aed5-c52a39283eaa,elevation,5
b00ad0d2-6067-4a14-90a6-ff1dc43a355b,elevation,5
6281719e-b104-487f-872a-0c2d529248a4,elevation,5
8feddab3-d398-47dc-9f28-db409712f070,elevation,5
31ee5ab9-269a-47ea-ad00-b7938b940de7,elevation,5
9501b6f0-77b5-4a1f-bbb5-d3c1fa911c1c,elevation,5
f40558c4-eb44-469d-87c9-4e466c8bd82c,elevation,5
8e9dac90-36fd-487a-9628-e050c9db4b84,elevation,5
3cb77e64-fe97-4ad9-998c-4f5a8f954bfb,elevation,5
bae20009-b3e3-432d-a929-11ed08d0574e,elevation,5
5915d44d-44b6-4951-a602-8e9d33236aad,elevation,5
d941b38c-f1e7-42e9-81dc-d2a134d02612,elevation,5
301e40cd-6ba2-4228-bcd6-32a1378c9b15,elevation,5
839160f1-a48d-4bfa-8c3f-d4f83c0f9fc5,elevation,5
37435d6e-29c2-4866-8315-afa3ad328993,elevation,5
de1581c2-a70a-4ea2-a153-fa61666d03fe,elevation,5
e73fc66b-4143-4375-a9bc-95249d996713,elevation,5
4993a7e1-871a-438b-8f9a-6ee17c212b3a,elevation,5
026f6d6b-e6d6-4c24-a03c-9fd606651d5c,elevation,5
804814b0-e581-4f39-9744-61636339b023,elevation,5
ee619d26-7038-4a86-82cf-981b23c2974a,elevation,5
25f7ea93-c98a-4346-a4ba-0ba8331493b9,elevation,5
8663da0b-6098-40a3-821f-7b4797688c53,elevation,5
73f09fcd-b4e5-4ebf-ad55-22ed20ec76ef,elevation,5
aa39db27-6a80-4c3a-ab04-fbd820a1866c,elevation,5
5d609321-40fc-41ec-b6e1-591052c19874,elevation,5
65f8ebb0-98a6-446d-a68e-7d11307f1808,elevation,5
fcd031e7-926c-40d0-be93-19c491b48e18,elevation,5
ca6d03d2-820d-42e9-b247-fa173ab9891c,elevation,5
747e73e1-8f10-4908-a899-1560f694bee5,elevation,5
41274459-6111-4f2a-81ca-d2e47391f762,elevation,5
082f193a-9608-40d2-be1e-fd67292bec79,elevation,5
d918b335-e8e7-4f7c-bcd4-585f00725689,elevation,5
bdf91591-79ae-4e00-8c3f-30353c60396a,elevation,5
3f4fa0ee-14f0-41eb-b918-dfac49298c27,elevation,5
0f0b6287-9514-4962-afb5-5fd17ca37603,elevation,5
c06e85c4-7739-4c5e-9fc9-6d4225bde64a,elevation,5
34ff47c1-07c2-43d4-8937-86329066c547,elevation,5
25a0bbf8-a9b0-4b21-bad9-fe4577d2f97f,elevation,5
c1ba9d60-30ca-4853-923a-f2a792d3459c,elevation,5
511aad63-a438-4626-a723-faff331fedc2,elevation,5
177b1f7b-1309-4da8-9d62-74bdb8feeec0,elevation,5
908410dd-963e-456b-9347-ab9fe650fb6e,elevation,5
108aef84-ae26-4b3f-8866-e5b5f14d77c0,elevation,5
ed8036a7-a0e4-4edb-a20b-bfe27b6dcff0,elevation,5
5e2c5d1f-5a88-497c-9874-e82fb5c9fa35,elevation,5
36a5b146-221f-4afd-b7a7-bbaf2030de5a,elevation,5
5dc418f8-4c3b-4df2-a4ec-a97ce0e8418c,elevation,5
f5243a04-3781-4cc1-a7a4-04eee7e731b5,elevation,5
536ec68c-077f-4c44-a8e7-6baf724411d0,elevation,5
30e07041-eadc-4d32-8fb3-b2e3912de9c0,elevation,5
f7e63620-a12b-40ad-870d-fee403a76dc4,elevation,5
be7bcbfc-ddd6-4389-9e31-907294c292e3,elevation,5
2891e2c4-1782-4d7e-8feb-05d9baf487ae,elevation,5
0abd531c-4ad1-4323-ac5b-f8bfc5d16e7b,elevation,5
8e6e1234-d9c3-45fd-9139-5e506d15ed45,elevation,5
eab925bc-5afe-4e6f-96c9-1b58f459474f,elevation,5
d4d1aaeb-080e-471a-a9e1-6f93bfdcacbb,elevation,5
4de3d63b-5115-40d5-86fe-2da9bf78943e,elevation,5
e7dc9713-0e9c-47e4-98b2-7527174c110e,elevation,5
8f57c5c8-c25f-4e66-b7dd-b5b333a502bf,elevation,5
0eb142a7-fdc6-4557-856f-de5e339a5168,elevation,5
e3b93abb-a39c-4adb-8553-fc555d70cd44,elevation,5
929c2301-2fbe-4041-9585-2363dab936e0,elevation,5
3dbf3056-1c61-49c7-8951-78b3b21cd1ef,elevation,5
89308cdb-0b72-46f9-be19-f25a60549169,elevation,5
fc676030-4975-465e-866e-748759291c26,elevation,5
84f4c2cc-9537-44a6-a891-1c7e0395a99e,elevation,5
5c4bb6e0-635d-4a5a-9912-28682da902b4,elevation,5
feb64d35-9b35-4ebc-8929-ed210e4e686b,elevation,5
f16a485f-52bd-44b9-b257-ba17700b0469,elevation,5
c476ed6d-0957-4c6f-93e3-843a966c4bf0,elevation,5
8ca000f5-04fb-427b-b85c-2471cf1b2af6,elevation,5
a861141a-405e-44ce-8f9d-785d37907059,elevation,5
33346df1-abe3-40d2-aafe-9133c668bf7d,elevation,5
2711dca7-092d-418a-8cec-d714af8301e4,elevation,5
3ceee558-76d1-4a14-abf3-25c7b9184eab,elevation,5
5d2fb679-6ab6-4f3e-8b41-c9e46229536f,elevation,5
325ba0be-80f4-4731-b2e3-c4bc0e4cada6,elevation,5
4faabea7-25d5-4077-b44a-1ef8b83e57d5,elevation,5
79724165-e48e-45a5-b6d6-7ac4ce0326b1,elevation,5
bb4c6332-2e54-4602-8666-56296b196880,elevation,5
4f07c3f2-094d-49c6-90b0-829098bc0860,elevation,5
9443291f-4deb-4c1e-823a-8bef52d475ad,elevation,5
5d6c678d-0d00-448e-9078-0f78be644af1,elevation,5
4bab8c30-245d-4f93-a0de-5f3ff74e78fe,elevation,5
803247a9-e683-406e-b067-771aea21979c,elevation,5
aad575c9-3517-4862-8174-04091d2374a5,elevation,5
de9b8842-25d2-4c00-b7d0-489038cfb104,elevation,5
26f50a6f-e9b5-4add-a11c-2c7194f1bea7,elevation,5
5f67704c-d263-4054-9693-261728ee1a9f,elevation,5
ac917fae-52dd-4c30-b298-7787cdfd1f2e,elevation,5
fb6a9377-e813-45dc-8274-e38fa0b8cb14,elevation,5
d3b5254c-3465-42c3-b9ac-94f9ade06b39,elevation,5
96bc9d1e-fd7a-41d2-8b6d-344e5a9d8d91,elevation,5
cd463edc-7ab0-487f-9f60-c89a874fab1b,elevation,5
ee84989c-d262-41c9-b468-73064e874571,elevation,5
48f14ade-5129-4a02-a850-341e4b0f3281,elevation,5
b54d6000-af7a-45da-a5d9-cc350fbddad1,elevation,5
1070af1f-a6cc-42c9-b8b3-4511369ad9a5,elevation,5
707d2b96-394d-428f-8c31-5d4ea4e69910,elevation,5
2de665c3-9e0f-47fc-929b-d9886e5e76b0,elevation,5
b1ce02f5-3276-412d-b0b2-ae364c718dbb,elevation,5
9e7abbfe-fc73-4885-9947-3ebfab9360fa,elevation,5
a5b92629-1bf5-4908-8841-8ee1808c80f7,elevation,5
6b5e309b-cf57-49ec-b559-a01b2e8f7e11,elevation,5
a10d07dd-6f9f-46eb-8512-cdc0e725de33,elevation,5
22b55934-32eb-41a6-9cd8-4b644ddc7511,elevation,5
52271f3c-bffb-4912-ac14-354ae89096ef,elevation,5
247b4534-a5db-4414-af74-2b9c5b45e85e,elevation,5
5eaafba2-d603-489b-a04f-50ba41570313,elevation,5
76536d7e-2556-45d5-8e7d-62fad5ec5c3d,elevation,5
65bdf99a-4d92-48bb-95bb-0630491a2d0d,elevation,5
5bf2c0de-7e1e-4996-90d8-c0e4e96d6088,elevation,5
8e9b9806-14f2-4388-be7f-ceb6eaa721a3,elevation,5
4666ee58-c9f3-41af-9b2a-fa621f5c4e64,elevation,5
c58d4ea5-2fe4-4c95-9322-c627fdce4dfd,elevation,5
c27e361d-75c1-47cc-a486-b30433af2ddb,elevation,5
c4275ac7-5050-437c-a1dd-c7e6bd4d5dfd,elevation,5
ad926ab0-947f-4f7c-9962-4d181b7e8a91,elevation,5
0856aa8a-7fca-43ad-97c2-2f682e9e6b2b,elevation,5
90eafe5b-30a8-4fd6-9009-ce2db799153e,elevation,5
2a212a69-f4e2-44d4-85f0-970356d0c416,elevation,5
3303ce90-af53-4800-b74f-4c8fc1c0247b,elevation,5
a4b976d7-4b47-4803-8d50-5d684a21de0c,elevation,5
51ef2fd3-1f29-4776-acaf-5f68d3c3a6f9,elevation,5
0435d3ef-116b-45f1-8ac8-40d81a3b9a03,elevation,5
28f8c3e5-e707-4439-8686-6fdf6f67e382,elevation,5
9d54414d-17c9-45a9-9408-f2d648d33c9c,elevation,5
e9b16a09-abc5-44ed-862b-4ccd0c0db150,elevation,5
30ac8366-62e4-4d71-b2cc-acfa83055f20,elevation,5
3be8f346-8dad-4f8e-b3e9-f3d3633a7fdd,elevation,5
0ee7324b-0cdb-43cf-b47c-9c72cff1e944,elevation,5
4c0e40d2-7cd6-4cc6-ba31-26e7febed989,elevation,5
21368baf-5786-409e-9a1f-0d7fb2548639,elevation,5
54abd9a8-88a9-462f-9df8-247209fea05c,elevation,5
d8e7caca-5ae1-4d9a-a58d-75141a13e191,elevation,5
234b454a-27c9-4024-8a9b-c3ab2d08f2a6,elevation,5
a30574df-c4bf-4dd5-8b5b-b1c85f1f0270,elevation,5
9998caf9-c593-45ae-93e5-9274948467c2,elevation,5
428b3168-9fe4-42a5-aaf0-fc7c8b61b695,elevation,5
ca6ef28d-e564-4c2d-bcaf-05602efbd0ef,elevation,5
1d5485de-29f4-452e-8ad9-1d6ab44f4c46,elevation,5
95e98a3d-5544-4033-b1e5-1a54de710a77,elevation,5
5b9bf2dc-ceb2-4f1c-90ad-9e65be0c70de,elevation,5
3d07bb89-6bec-49e4-a8bf-744b6320594b,elevation,5
11b589bc-2be6-4842-ad53-f58ed5695dde,elevation,5
d92defa3-7d41-490e-a4df-7f4860e29194,elevation,5
5b3a8c2c-69eb-48cd-ae70-fe26885c5fe5,elevation,5
565b248e-f6b0-47ed-9cf1-3ade8202be49,elevation,5
9fa87a37-ba97-48ec-b646-34dba217587d,elevation,5
70c3d195-aac4-45fc-b593-0480f8cb8388,elevation,5
800c2980-f730-4628-a43a-0cb38c182a86,elevation,5
3ce327b0-922a-4cb1-b89f-7086a3b397a0,elevation,5
dde0547e-3302-4645-8f38-fd56a5c474dd,elevation,5
03014988-4de2-40a2-851f-cb53a0ad9485,elevation,5
73edbacf-07c2-41f3-8ad4-37fc8e96129d,elevation,5
abedcde7-5716-442f-ab8b-dffc2dd71d4e,elevation,5
7e3397a2-d804-4ef8-ac7c-a57b86679ff2,elevation,5
50cc927b-dbb7-41a2-9432-32a7b4ae376c,elevation,5
6c54861e-6667-4f4d-ac16-7a51a2a0a0e1,elevation,5
2deed878-c405-4a45-ab2d-064d01ea504e,elevation,5
cbd3f359-b396-40cc-bb76-80213d79ea19,elevation,5
705421c1-0b26-403a-b823-08c979bf04a7,elevation,5
bb00da4f-19eb-4f06-a6d2-783edbeda712,elevation,5
0569fba8-151d-42ec-9c3a-cdcc8a4a3205,elevation,5
cde6ef6a-ca9b-4f4c-a67f-b60c53604b21,elevation,5
ca1e74e3-e387-4456-948e-26d678918b43,elevation,5
8215f96f-5f12-42a3-abf5-b7c0bbe5e4c7,elevation,5
aea33db7-8ba4-45be-8290-aaf22675584b,elevation,5
c5597ba3-8c41-48a3-a681-b7c6468dbe9e,elevation,5
9ee84fa5-8a61-43fc-955f-06cecd0eb8da,elevation,5
14d0b654-d91d-4680-9563-33ba0c7a4af1,elevation,5
651da257-a910-42ef-9f38-0284457e25b9,elevation,5
ed118fc9-0717-4e1a-a915-82f45df1dfd7,elevation,5
b6667702-4492-4db6-a696-0f73508e6b5b,elevation,5
1f077bb0-1b31-4867-ab29-2c3d19c17f7d,elevation,5
66c89078-ca84-45b4-be56-bf814f2728dc,elevation,5
159a5cd1-1068-40a2-8f50-d72a1a8d3132,elevation,5
6980e837-3580-498e-8a70-26300b218740,elevation,5
26366b06-f218-4730-8fbb-6d9842810e58,elevation,5
dc6d4fff-99f7-4e00-9f17-39aa1c290ad3,elevation,5
70a40f85-72d1-4de6-9ff6-2cfcc5555771,elevation,5
bbfe4f52-8c3a-44b0-97a3-63aab3ada0a8,elevation,5
a66c63cd-9530-425f-9b05-40517deaf516,elevation,5
53669af7-61aa-4c21-8b6d-24cfe94344b6,elevation,5
03446abe-0d76-4d3a-944b-b604968ccd24,elevation,5
8d8446f2-f01a-4fae-b613-727363653787,elevation,5
38bd6425-1ea8-4852-b186-70aaa6e904e4,elevation,5
a79ddf6d-c473-4d9f-b17f-088d90a2ec4e,elevation,5
f4373e07-b9d6-4e50-8e03-aed515b04554,elevation,5
b2a498d8-304b-4fdb-a134-ffea8ce8fb00,elevation,5
c773bccf-4710-4b90-8802-4c500b94bb5b,elevation,5
a84b344f-290e-45f1-b84b-9f72d70e4be3,elevation,5
0fc97a86-108a-4e9e-9695-dd348d49ad5b,elevation,5
413b22f0-6be6-438c-abdf-02ff58bec2c1,elevation,5
cad81825-831a-4266-9fd5-693ebbb5cafc,elevation,5
688a82dc-94de-477e-b9d2-7ba04bfdb562,elevation,5
9e662dfe-2029-4c1e-9347-a6eb80efa58e,elevation,5
d66164f1-3fd8-46ec-8a9c-8c4176977ba3,elevation,5
e508a2c3-ad17-4f1a-b2fb-1aa9a3bdb7b1,elevation,5
5a72f141-77e7-4de7-91d1-ed5e399935bc,elevation,5
23b40d81-c670-4e87-bc8e-1421d46b4af1,elevation,5
c755b20f-a216-4009-a21a-335c432597aa,elevation,5
2083544b-415e-434e-9f8d-8602c29ef90d,elevation,5
a6a371c2-acb9-42a0-96f3-c0f463c9f851,elevation,5
18b97976-17e8-4ede-a499-e14226226de4,elevation,5
4cbdf8fb-b16e-47fa-8b37-513615eee5ca,elevation,5
0b8d0b68-bd00-46fb-8873-fa4e288b6f2c,elevation,5
e31d6085-8e01-478e-9563-b68c8cd0e1fb,elevation,5
1339c8fe-5864-47f2-8705-7a80e414fefd,elevation,5
1097f823-5bb0-448e-960c-ca72895c5860,elevation,5
f865a137-7837-49e7-8945-1247d61bebd1,elevation,5
f4db5b13-faff-413f-94e9-dd4afe1cbf0b,elevation,5
0586cdda-e1f5-4fad-8fe1-ee09d4f5c944,elevation,5
51dcb032-6efd-44b5-a178-a93515adac3f,elevation,5
90b771ef-d734-4120-a5f9-b216d2d75bab,elevation,5
ff668fb0-68bc-43d9-8563-3d73516463d8,elevation,5
11c648e7-13ef-4f39-a98f-62e9776ecc41,elevation,5
2ecad4a3-ff86-4ebc-8ca6-81761f90bd23,elevation,5
2e595e85-447f-4196-9ade-cb901ac037f9,elevation,5
046d0753-4980-4033-b233-86ccd422cff7,elevation,5
9652ee62-7a28-4bbf-86a0-033479ac1571,elevation,5
cf085c03-0956-4a14-92bf-99636ffbf0cc,elevation,5
36c1648a-051c-45cc-bc67-552917cdbe73,elevation,5
4d584f29-a79e-456b-aec9-0d7cbeded85e,elevation,5
0a652d22-45af-479b-8025-b3175a26f45c,elevation,5
475175a8-12d6-4766-b8a5-5fd86b69336a,elevation,5
691a2bb3-b077-4a39-8591-3c31a13099dd,elevation,5
07236b3f-33fa-4627-a035-715dce232018,elevation,5
e03981c1-a22a-4023-8e39-2965dda849e3,elevation,5
ad1e7f8d-520f-411b-8c3e-202380b6a188,elevation,5
8e884095-df83-473f-b5e0-3083193a1ba5,elevation,5
1b7cac9c-8954-4f42-a78e-7bc31d5bbd41,elevation,5
24c33916-bf5a-4476-802e-036170b76e8f,elevation,5
646b4764-e2e1-4a65-ad62-d749fc4c838b,elevation,5
b5794560-250b-491e-80d9-8d32ef5295a1,elevation,5
6f4eeb88-ab62-4988-ad8a-23fb8d07e0f6,elevation,5
a60d2c0e-dcfa-45f3-929c-2432d076635a,elevation,5
cc8f45a2-a0ed-4c8d-988c-813c4f49224b,elevation,5
15e93b84-6ce1-4398-ab0c-eacda5d62b32,elevation,5
2d7f6789-89ee-4fdf-bd31-2549e789a066,elevation,5
a7f4cf3c-9cc2-47ba-aed2-d722466058a0,elevation,5
9f717a78-9da9-42a9-a4a7-aea59c77a1f5,elevation,5
5b01d634-349f-4dd3-b28f-53a5fbe891fc,elevation,5
7e5b3a81-5df2-47fc-850d-c09b52a9987b,elevation,5
c1601c3e-6f18-496a-b656-48439ed4162a,elevation,5
5b9f4575-003b-4434-84a8-ba74a8d58be1,elevation,5
7b64642f-3a21-4c96-a1af-3837b6202d08,elevation,5
fb80d431-a82e-463b-b98d-33b9a866be9a,elevation,5
10124acd-8dc2-4331-a3db-17b6123922ce,elevation,5
2d32df62-ac07-410c-af6f-6e0955d72fd7,elevation,5
a81a7d86-7739-42bc-b1a0-a642cd2a472d,elevation,5
9ecf1a1d-74e4-469e-8669-252cd4480928,elevation,5
8fb698ae-dacb-4eba-8eec-f1890fe3c2be,elevation,5
0b624df3-ce7a-4550-998d-5ce0f41295df,elevation,5
daaac29c-9f33-4627-a55a-9b73028cde40,elevation,5
6afca65e-cfbb-48ca-9597-1e9724aee21b,elevation,5
87c65def-3e13-458c-9eec-08d2e2f482ed,elevation,5
aa0f60ab-d41e-48c7-b9de-05e58db7966b,elevation,5
8b38b4ed-88a2-4ad2-ad81-430a2c23f1a1,elevation,5
9307afb4-c5a9-4d19-9c4a-68f2d154aafa,elevation,5
e77445dc-a030-464b-9b53-4d389f82360a,elevation,5
399c180b-6bdf-4de9-8357-1e3dbe0fe4f9,elevation,5
c910711b-4fba-4451-8d3f-321e8ae33d10,elevation,5
8972fa66-ad25-4c1c-ac33-7e7c904374f3,elevation,5
6b690d2a-1087-416f-ae45-2c7e695d634c,elevation,5
6cfbc4fe-21a4-4cf2-a633-04ec24ec71d3,elevation,5
400bfb85-2dbd-446d-8e8c-462a078dd9be,elevation,5
398cbc67-cad1-47a5-9e23-cfd9b1fb85fa,elevation,5
0595dbdc-1261-47b6-91fc-7451588d07f4,elevation,5
3b8827b6-8aec-4b51-a0d8-b905f97b9bab,elevation,5
06401ea5-845a-485b-aabc-9ebde1eee496,elevation,5
660432ea-41bc-49b0-a346-18f012523103,elevation,5
25dc18eb-b9e7-4971-9740-a94234ddc536,elevation,5
324cc904-24b1-4e4e-9110-1a66f025568e,elevation,5
59757942-bbe0-4908-9ed2-df6676fdc979,elevation,5
718739cf-e11b-47f7-adaf-734691084394,elevation,5
fff5b430-0284-4e06-a78c-cd053aca56d7,elevation,5
31ffbbb3-8a9d-41ea-aa65-3ea71e7ee43b,elevation,5
88932b5b-8292-469c-9447-4661d39f75f0,elevation,5
0b158219-619b-414a-be22-b5b824c8a65d,elevation,5
a57170f7-bcf5-4025-8921-dbfb8d0186ff,elevation,5
69f13e2e-d439-4a34-a3ef-ddce20b0d633,elevation,5
b2b0c8f6-5397-4bbc-97df-92cd2f1b23b2,elevation,5
3c74df8b-d210-4bc0-8988-d89c676cbfc6,elevation,5
5fc6e916-a182-425e-99e8-0159a7c05549,elevation,5
059bca36-3cb3-4113-b33f-bfa6747927c6,elevation,5
6892294b-814e-40ef-bff9-6a767dde9171,elevation,5
20ae2896-132d-4ee8-b910-f4c7ed2eb0d3,elevation,5
7970bdb5-b57c-4202-9190-782eeb31f771,elevation,5
4a8af40e-8c15-4700-a2c2-1fd51693fd44,elevation,5
2af90511-c67a-4a13-8862-72d7513acdaf,elevation,5
b8339d2d-1c60-4348-a293-fc2079a03d5c,elevation,5
724a40f7-4d32-48dc-a235-439bd17782c3,elevation,5
6a57170e-0167-44b1-920c-3bae1504cd3b,elevation,5
dca0ac4f-6d5c-4783-aea3-1579068cf7c4,elevation,5
3fbe9c09-156d-4aa5-aa63-d21b337db206,elevation,5
99be8ffd-fc21-4f4b-82e2-1571446acf2f,elevation,5
e5e36d62-e84a-4676-a314-983ab40834d3,elevation,5
b4c680ad-5b4e-4bdb-a911-16ca97de4a25,elevation,5
ba480c0c-dc9d-401a-afcf-679aca449d26,elevation,5
7f01c4c3-0465-4ed0-b573-dbc40a1e1f10,elevation,5
5d62170a-65b3-46f3-bf88-a17cf2be1d0a,elevation,5
9572b147-8abe-4410-9626-b58dde292ee6,elevation,5
9955c485-f588-47dc-9578-84848322e7cf,elevation,5
66b0e5ad-6ab3-4c68-82ee-52c627efc4ff,elevation,5
6eaf9b1c-963b-481d-ac0a-2a73bed35328,elevation,5
2c1cc765-166b-40d7-a542-a35ab649b836,elevation,5
03fca276-c94c-4906-ac16-a1eb3059bed4,elevation,5
0227e153-fc09-4ea9-88b3-36e186b47f99,elevation,5
0734eb22-4b53-4080-80d3-749668ea6aae,elevation,5
b306e3e7-d531-4742-8b3b-f6053d4df64c,elevation,5
c0485971-579d-47b7-b739-2dfdd4badbd5,elevation,5
a7760790-bff7-40b8-8542-0087589f9aa1,elevation,5
299f85e6-6ec8-4e9c-aeba-cd57c2c36fc5,elevation,5
9bf2c4da-03e3-4a05-aef6-cf66d867a2ea,elevation,5
7b9f5368-ebf2-4dfd-9e37-cd8811f07031,elevation,5
3b29949c-7f7b-4221-b8fe-f98394da443a,elevation,5
534c38e0-d9c0-4b98-95d9-618ab4515f55,elevation,5
21fa152f-3a09-4b17-92b5-a41cf6093005,elevation,5
613f5ef8-56cc-4e9a-8ef6-48a5f514a4ba,elevation,5
698924c6-3e29-4bab-9c73-9cf2b870466b,elevation,5
c28a1d43-b4eb-47b8-bba7-326a7a226dd7,elevation,5
f0f8055f-e499-43df-9b3c-70ca513fe95f,elevation,5
86478b9c-9f35-4fdf-876b-59af67c9f6c3,elevation,5
2e4fdead-8bab-48ac-950a-6c9455ef42f4,elevation,5
4d1171bd-6b5b-47be-92ed-de92158816fe,elevation,5
a0321cca-64c9-4726-9a8d-5612b3bd2308,elevation,5
3ed408ef-3836-4838-9336-edb5ba6f6386,elevation,5
bbffb2fe-5f7b-4ad4-98a4-3232a89d94d5,elevation,5
d7bf17a6-9c8d-43d9-9492-afc3e9e79975,elevation,5
2ef45039-61bb-4a4a-9a5f-0218ef1ea1d5,elevation,5
1fab91c0-f333-4a67-afcb-ee654d3fec41,elevation,5
80c077f1-b070-433e-96e0-7eb6771f20b1,elevation,5
776e1d12-42cd-46d0-824d-2888926d7461,elevation,5
be50ece5-9324-427b-b5d8-e422f6be1d5d,elevation,5
6ab32cd8-8671-4a3f-9989-b52422f4c878,elevation,5
7d67511a-489b-417a-a5da-7f5b49fc61a5,elevation,5
8a0e29e7-7df4-492a-bc5c-ee4a90e37c8f,elevation,5
28f6f89c-6e5c-4c37-8e33-39fc169ca6e8,elevation,5
bc8e9258-c5a6-48c2-9c91-8958f6cd813c,elevation,5
45e54fd8-a16c-4355-8016-781350786b66,elevation,5
aacbf579-f878-442d-bf92-b34124c95b80,elevation,5
9c324b12-138b-4e3d-898f-24e42c64b6e8,elevation,5
61cc58b8-7f73-46e1-ac54-9a1f361f7ba4,elevation,5
0f74edfc-97b3-4baa-9361-ae1156351ff4,elevation,5
3d0a8c00-19de-4673-a2db-ff8f70266929,elevation,5
365056c2-3b63-46dd-a548-fa7c1a78df39,elevation,5
fa7f05fb-9ecb-43bc-a3fe-89652f42a3ed,elevation,5
50e6832d-7c94-4828-b05d-49bbe01d76d2,elevation,5
03c36aed-5c15-43a7-9718-da4ff7855f80,elevation,5
4e69cbde-a729-4237-9d95-f73d71a44586,elevation,5
fd11374e-20a6-4428-9abe-66ccad229fe8,elevation,5
aaa6154d-3e7d-4274-b416-62f8a9ecd197,elevation,5
8a9d7d2e-6542-4d6e-b76b-43fc204a2612,elevation,5
4118ec4a-d151-43c1-b5b2-3004510d5ded,elevation,5
b38f2770-7628-49a6-aed8-326c0eed7803,elevation,5
c040d901-c6d7-4d99-9b19-341009eaf29f,elevation,5
dc2132da-f518-4dca-a535-1680beac185d,elevation,5
1dd40829-697f-412c-aec8-708c59c4d32b,elevation,5
62ae700c-ec76-4432-88ac-0313c4d2ae24,elevation,5
455b2dc9-3074-4fb8-a20f-389ab3f876b0,elevation,5
824aa82a-8d29-4f86-ae6f-7e759918ab5e,elevation,5
21ea75ed-c9ec-4193-a852-52893e28f7fb,elevation,5
d486e8ca-6929-454d-9a64-5857fd88db7d,elevation,5
76c86d08-cca6-4d33-ab87-c0498f172c37,elevation,5
c63202fa-0f22-4ff8-9d8b-2b0e02badcbe,elevation,5
918cce8f-9adc-41ba-bbcd-212af995940f,elevation,5
8577d5f1-ede3-4b8d-bf34-50f7e6bfb278,elevation,5
bf3757d3-90bc-4780-8a85-ad446bc47a6c,elevation,5
1ecc3e3c-f506-4b7e-91f4-9efb120fa51e,elevation,5
ffd46948-f12c-4a0f-9434-7624217a4536,elevation,5
0c360604-3f35-4c70-8eb4-bf669cfcec76,elevation,5
fbd2b2dd-f38d-4566-b237-4889d8d1dc98,elevation,5
162af62c-3b11-4e8e-8ca2-cb23f086d0ca,elevation,5
88bc6541-1808-4681-afcf-ecf1ecbc0bdb,elevation,5
aceef10f-8bed-4b6c-a1f9-bc7bfd65ecad,elevation,5
1df976fe-1eaa-4cd7-8ff8-90fd9e161198,elevation,5
ef080ff0-800c-4792-8773-dc49c54e4355,elevation,5
aa355ebf-baac-4003-812e-e5693bbced9f,elevation,5
68b062f8-7f58-4530-8d12-da7b71d54a1d,elevation,5
0d43f355-c253-4c47-acb3-a7fd90d1698b,elevation,5
56bc2c85-4915-4d45-904a-910b592fcbd8,elevation,5
2a7a99ef-d463-4ecf-8bd0-9771a373b983,elevation,5
d8e40764-8538-4cb3-bab0-0465856e5a0b,elevation,5
81064572-526f-4bb9-873b-9daf226f8c53,elevation,5
64e6a1a1-f92e-4b95-b213-40281c76fd13,elevation,5
115518ab-a857-4268-9ff2-9416183fdac0,elevation,5
168793f7-7c51-4816-8789-5f1213045aea,elevation,5
6dfe1255-5feb-4ab6-ae50-ddfa3800ba49,elevation,5
0ddcf568-1775-4181-b068-eadd4b8df90f,elevation,5
3b1f8156-465e-40f2-ab5f-da198c091816,elevation,5
03a6e40e-4b75-4401-96f0-06b9fca06991,elevation,5
af914cba-98f5-4eef-b732-3c4e7276729f,elevation,5
93cc54c0-3132-49e0-bff9-2ae897940504,elevation,5
bbd39171-18cd-43f0-abd6-d6710c36d98d,elevation,5
9648f140-6973-4b93-b7b4-41e5159b62bb,elevation,5
f02fd3d5-2956-4c8d-90bb-b0584b358370,elevation,5
e39c17f2-f85f-43f8-b8e6-edbd4f9482cd,elevation,5
11515af6-5a41-4a72-a600-24cf28e09c57,elevation,5
26b0eae5-8113-4d94-a188-f6a73d39640d,elevation,5
9a0250da-74bf-4483-a704-85567a4c6a72,elevation,5
9c316a95-0db2-4136-a879-faa435106b91,elevation,5
f217148f-7d11-42ef-b14b-e8d41502204b,elevation,5
924a450b-0610-44fa-9bf2-eedbefe3b237,elevation,5
d15bb62c-a4d4-45cb-9e7d-1a2013bd9ecd,elevation,5
9990e988-e734-4be0-8504-848a782898f1,elevation,5
a11a7151-e81f-4293-80a1-6db3b4883539,elevation,5
d4aee0fe-4852-4e39-a95a-cd277a8b2cdf,elevation,5
e5f7550e-5141-4a79-8183-113ec0741f70,elevation,5
4e9fbfd5-fa52-465f-ba37-3d47b52a0a6f,elevation,5
bf8a0482-859c-41ed-899f-3136237d9228,elevation,5
71ec423f-8313-43b0-bc3f-9ea33704a62b,elevation,5
e4290ab2-7224-4654-a0f9-332d7a73ea84,elevation,5
dfe159b7-ddac-4739-9d8f-6b80039142b3,elevation,5
a5bf2220-a9f1-47d2-9371-2d47eae2eaa1,elevation,5
bacc0db7-b64b-462a-9251-d7d62d712d3d,elevation,5
3146305f-8c02-40bb-a17c-6c76fd02f4cc,elevation,5
63a500db-347a-44aa-b2b6-07e26784b60f,elevation,5
8f92b270-70d7-41e3-a5c6-0dfe6905bb59,elevation,5
65a733d8-5c84-493d-bc8c-a07f3b2ffeae,elevation,5
1d1971f6-eee7-4382-be7b-effa243b6c72,elevation,5
d128fafd-1ede-4c6f-8e38-269df8470f71,elevation,5
c4e3f90a-24b5-4c7a-ad46-25391570d221,elevation,5
2fc05288-1e2a-4e6c-bf50-41f08b8f62c2,elevation,5
09f2faaf-93db-4542-8898-97061c317074,elevation,5
c13ca167-997e-4c3a-bf6d-c26c70e0b7f7,elevation,5
524093ef-7304-4c39-8f97-0bb1acfb180d,elevation,5
87f86deb-1ff9-4bc1-910f-a1922ff552f3,elevation,5
3567bcd2-919b-4167-b8f7-769d445f8ae8,elevation,5
2b77c012-aeab-446b-810b-a73dfd596211,elevation,5
3fa1bbb0-a1f3-4522-9445-ec9506b61b33,elevation,5
fe42f8a7-a4b5-41ad-b7bb-1e2d986c9c7d,elevation,5
07d9e620-c68f-4d0f-9fef-bc9f2107bf5e,elevation,5
ea442745-e0e6-449d-8fdc-97628fc1b676,elevation,5
6a58b2b3-a066-4982-ab49-86c103b22a0e,elevation,5
12cba932-2a4e-4e19-936d-7337f1f54127,elevation,5
bd19225a-dab1-4c19-8e3e-4d87163ce57e,elevation,5
7489712f-1146-4a18-9532-ec8f932c73a8,elevation,5
2adfa50a-9c29-4e2e-89d2-7ec0014aa40e,elevation,5
02a6c095-4cf0-456a-9802-458a537f93e8,elevation,5
1fc4842a-6547-4795-b6dd-d492be789053,elevation,5
cc5fd1e0-bacc-4864-9634-62eea65631bb,elevation,5
f434ecfd-6406-46b7-bac3-b945aa1176f3,elevation,5
4f5caf7a-283f-4b1d-b609-29cdaf47a052,elevation,5
2187273e-486d-4915-90d5-a4703c00c5eb,elevation,5
210ae777-a8a9-4933-8329-f4a52ad843ec,elevation,5
bb35c182-9010-4786-8d02-87da50fcba23,elevation,5
db297d8a-9a1c-442b-8530-0ca96088b6f1,elevation,5
7c601a4b-237a-43c6-8af4-27ae65d3a4df,elevation,5
daa91a41-1646-42db-80d0-b3c1724a540d,elevation,5
3c308702-364f-4c4c-a70d-436f78e5f19f,elevation,5
940ea6ae-4eb3-4b85-84f9-95f22b385bb4,elevation,5
4f90fa22-ecde-46a0-b847-f53c32953ac3,elevation,5
11858dbd-cfb9-41f8-9307-830cb2845711,elevation,5
d27cfc4f-af60-4998-b2ae-a080952a9a05,elevation,5
f9558fa7-ff7a-488c-8c2d-88d6f8a13818,elevation,5
6492ba1e-7f8f-4d8f-be7d-b1cabbeaaddf,elevation,5
d9e5d5f5-4de2-429c-8f69-c0a65ee23273,elevation,5
337c2668-9bcd-44af-87aa-96913a932aaf,elevation,5
521c7159-1ba0-4308-bc13-33b6629ff910,elevation,5
7224704d-68f3-400f-84f5-81fcfe08527f,elevation,5
9e89d6aa-9b1a-44e9-afc0-eb0efc739311,elevation,5
52789fe6-9c00-4a0b-9d1a-89f4dc74680d,elevation,5
837b8e98-de8a-4fe1-96a0-5a8d728b9f0e,elevation,5
3c640eba-8993-492a-9c53-0074fcd4c5a2,elevation,5
99df9af4-2543-4c17-9cd8-0dbe81cf60e1,elevation,5
662741ec-9792-4a30-9bee-3b88c998e8b8,elevation,5
af9e4c1e-6e0d-470b-aca7-11fef93a69fa,elevation,5
e15bb278-2823-4b6f-bfb0-0e6334f48504,elevation,5
39726ea7-f991-4a09-bebe-f54c5c57b78d,elevation,5
bbbf77f4-2825-4550-9b9b-b6430281a995,elevation,5
33541a3f-f923-49e8-86cd-07be7edd739c,elevation,5
872f3188-3420-46db-93d2-7cfb42c16219,elevation,5
d77f51e5-d3d7-4722-bf64-16f76f5c06a0,elevation,5
80edc8d4-7184-46c4-a2e0-51044fa016e5,elevation,5
1016081a-7aee-4dcd-ba41-edab31365316,elevation,5
db4016b5-b501-4920-be96-69eb1725e26f,elevation,5
9118da0f-e39a-47ee-8ec9-cc885818f51c,elevation,5
6adde5b6-6480-4976-a8cc-e2e6187b22bb,elevation,5
e210beed-2256-41e7-aee7-b0599d4034e7,elevation,5
4af0e5b2-ad0a-48c7-bdea-9842505793b5,elevation,5
0ecf5e5c-94bb-4c3f-acf3-bd79fda82728,elevation,5
26a22585-f4c7-493f-9871-60efb75ab50e,elevation,5
2c201f8b-3373-49b5-abf5-c5a8f9ce8df6,elevation,5
83f98239-83b4-4aa6-a4ab-2b7271a478df,elevation,5
a773cc64-493a-46e2-958f-330e0b753167,elevation,5
f8308d69-fd5e-42e9-89cc-18fd0f076548,elevation,5
cd4d1334-9d33-4e69-8dcd-8e40f12a0689,elevation,5
c4e7c128-67d1-4d3d-a809-27c9053ac83c,elevation,5
69f4a012-e154-40f1-8f91-db9436653b16,elevation,5
9bc1f43d-537e-4955-bb9c-acc346670322,elevation,5
b86a69e8-02da-4771-a443-3fe69546e917,elevation,5
f396275a-eaef-448a-86f1-17391410cb73,elevation,5
967e7277-d49c-4eca-8c5d-cab2304053ae,elevation,5
81d6e740-b255-4d4a-878e-6278de65ee50,elevation,5
82b86935-7428-4336-aa89-b5fee47b4163,elevation,5
2005b169-b426-4c79-a410-3198a7c4138e,elevation,5
a98f1404-f5bf-4404-8cc2-2fd468e6b5f9,elevation,5
f739ad74-db71-479e-9c0d-dc97d9be9456,elevation,5
760960d6-5352-4842-be23-604df14b1702,elevation,5
d520ea62-6c43-41a0-882d-663235d35b16,elevation,5
95f8e529-2c56-4c88-b0ad-1d11d43b90af,elevation,5
1d359a96-18ed-48c1-ab74-92b45893c4df,elevation,5
54dba0cc-e7a3-44b3-81f6-6c06ecc49ffc,elevation,5
f3d0da68-bc6d-422e-9006-bb8265ad0700,elevation,5
20c4557b-023d-4d87-81f1-ab27953cbf46,elevation,5
e610be6a-05c8-4bc4-a6a3-b69cc8a514ff,elevation,5
0eebc4ae-58d0-46af-9426-177beaa386b1,elevation,5
4bb0692f-b82d-4a5d-845c-80595d244724,elevation,5
1807fea3-4f16-4b5e-85be-f8539ecb987f,elevation,5
d22794fe-b24c-49f4-af27-d6150dd935b9,elevation,5
a946f385-4481-45bd-816c-853264971d2b,elevation,5
2c69e89f-499d-4d02-a7f3-26e6ba39233d,elevation,5
d0e12a14-7ae8-4d72-8f5e-728fd8684311,elevation,5
a78ab36a-46ad-44ad-bbfd-cb9cfe905ee2,elevation,5
8144a181-4bf4-47ad-9431-4dd85b867c08,elevation,5
7bbc6029-c86f-4544-bec9-dd511053a2b2,elevation,5
18d7f882-49c2-4fa2-97d5-466d63ad4094,elevation,5
ea24527e-031f-4576-a6e4-368a517d2667,elevation,5
29798828-7795-453b-8a8c-34580e9fb628,elevation,5
446c7d51-5730-4c69-a1f7-56132903affa,elevation,5
5dcfbe30-36e6-4577-9a85-3e5e3f0450f2,elevation,5
7a8e11df-169e-4400-abfb-aec5d0ddd1aa,elevation,5
af93a3ea-8ecf-4424-9a12-98322f2533d2,elevation,5
006a9388-8986-4bab-861a-9d62e93af0c4,elevation,5
d82b6f63-f538-44bc-82d8-7979a6794153,elevation,5
71ac4418-ae1d-4e59-8c95-1a6ebbb73dad,elevation,5
832143fa-eeae-41af-a2a3-64b7af3ff477,elevation,5
d29e3e79-3a8b-4cca-8f57-6869e7f9ef7f,elevation,5
f17a436d-ea39-4c3e-936a-135e2dc04725,elevation,5
46c8055a-92a3-4dbc-96ad-78e372f3c89a,elevation,5
d9e67a26-60bc-414b-bfa3-8db9cae02f97,elevation,5
ef78ff5e-6ccd-4e2e-9e7e-29c26f0fe58b,elevation,5
efd991b3-6daa-494b-a3f9-3aca4457bb58,elevation,5
a2723017-54eb-426f-9e1f-69f6217d5da7,elevation,5
2031fe4b-ec1a-4a72-aaeb-8a808b0ab430,elevation,5
203b22ac-d012-4180-9440-7b90e32b8cf3,elevation,5
c13e451c-4b33-42ef-92d0-7b61729f84fa,elevation,5
9a737a1c-db77-4a13-a44c-49394c79034d,elevation,5
94816f80-bd8a-46d4-9705-4611bdef85fb,elevation,5
0ca110b5-7f52-4f96-85d6-1cf4d8f08077,elevation,5
a36f7763-8f58-4e04-9001-e83222b587d5,elevation,5
3bf234e5-fcb4-43da-88f8-ac5d424968cb,elevation,5
202d55cd-1845-4a2f-a7af-7b02e6627838,elevation,5
778f86b0-39f4-4282-b278-a791af765eef,elevation,5
b4418723-6fb3-4b94-9e34-2e0f2c62ccbf,elevation,5
60bbc2a3-4905-4f5d-a9bf-16eedf203472,elevation,5
10ac71fd-e872-4142-aa4b-56709d08994a,elevation,5
e3b5aa49-7620-4294-93ed-99c6e2fffbef,elevation,5
1d648062-e234-461f-b25f-1fbaf35aa800,elevation,5
bda6ec6c-78a5-4b69-9b05-63352c8b85a2,elevation,5
2d27c816-c0fd-4ab8-a967-c43339bfd75e,elevation,5
1f66f704-185a-4e82-830a-3403a4cd2c06,elevation,5
5b09767f-60b4-4ad5-871a-cf769f0eb867,elevation,5
7a559760-d55c-437f-bbf8-2151063072b2,elevation,5
aae09894-310f-4cc6-bf49-5e4fedabcabe,elevation,5
1c86ec1c-618c-42c5-b270-bf77b8882bc1,elevation,5
984f2922-5ea7-4fe3-a4f5-8065059b925a,elevation,5
1313a7cf-6409-4bdf-9107-6c02e0c92361,elevation,5
b2c79969-2ffb-41d2-8a15-d9ecfc7b4a68,elevation,5
3ea45b50-9ebf-4e8c-baf2-11c1b3a3ecb9,elevation,5
cb962ec9-fc27-4123-9ab8-d56ef6489cb7,elevation,5
aa5b8db0-65bb-47ba-9f5f-8572f4e05b4a,elevation,5
74d6d40f-9142-4899-8244-6e4e9514c9d6,elevation,5
6b2f3a5a-c37a-4971-b313-6ecfd27cdf5d,elevation,5
6e2b48f8-180c-4fe5-9506-be49735b0203,elevation,5
08122a96-71f4-4976-94d3-30d5d73d8f27,elevation,5
1665970d-cf89-4d00-865b-b4b07e5023f9,elevation,5
9b4b97fe-b810-4e52-a7a2-68d296bbe74e,elevation,5
866a342d-0513-402d-858e-1838fb50e7ec,elevation,5
aef89837-8956-4b4f-b70b-cb75e2028e0c,elevation,5
2c172683-0e66-4481-b141-8545fcdbae69,elevation,5
1f31bf2f-0218-48d8-9620-fa15e78d72bb,elevation,5
972a6ff1-de50-4fa1-8775-3d42bcf60d99,elevation,5
5442465a-3c7f-466a-9300-72f32983407f,elevation,5
82a0b646-9bcd-4ddc-9a17-4dd0b3648647,elevation,5
3a2b3f91-642f-4f93-817d-80a2794c6ec4,elevation,5
a1108f50-0c6e-440d-8f02-9105d302941e,elevation,5
520d5452-f11e-4fb2-9f5e-1833c48e3929,elevation,5
516f510d-c326-4695-b0b0-49be6c7f02d5,elevation,5
7fe02cdd-5ea7-41b6-abfe-8d3a09cbef07,elevation,5
4a42efe8-bd84-420b-89eb-cd59bdb7ae42,elevation,5
c913ed86-64b0-4be9-a424-de1789ff54b7,elevation,5
380db296-7a4c-46bc-9e56-21c04df93ffa,elevation,5
998887f4-17dc-4a7e-a406-8fe67f51597e,elevation,5
750a4f6b-1315-4a7e-bc09-b084d55b488c,elevation,5
a148f1b0-9e3f-4b8c-9fcf-55acd3cdfc19,elevation,5
1a948af5-56f4-40f9-ae8e-4f43399b34e1,elevation,5
b9d5b958-7676-4c1b-990a-728ca49c6175,elevation,5
dadeaea4-869c-4793-8f28-e5e4718bfcb6,elevation,5
5e7b4e5f-fac8-4be9-9bc1-790a1d5f526e,elevation,5
f909deda-af83-4c6e-9f9a-977fa1fa26ff,elevation,5
98d1e322-0c5d-404e-93e2-74d78d94da08,elevation,5
32bc1c5e-4cff-4660-9e41-e3f7ba2555f5,elevation,5
0610b558-2519-4556-bb37-02ff050f035c,elevation,5
23d8b1dd-c834-4411-b436-c657f289f4c6,elevation,5
cbbf35b4-30aa-4188-aad9-1eb47d8a2ce1,elevation,5
fdcc81d4-11c1-4241-ac02-d1543aa250d7,elevation,5
bb80d30f-bbf1-4f52-8a8c-71c3318ce3d1,elevation,5
efe390cd-1586-4e46-9df7-b90dc8395023,elevation,5
81325434-18b6-4fec-a1e2-02f9faf0e4d7,elevation,5
b51d95ab-eaa5-427f-85a2-ed5b831cbfc2,elevation,5
63f07f10-7c78-47f9-ae6b-cf358df57339,elevation,5
88adf47a-3d50-4428-a28a-cf1f27f09d82,elevation,5
022f1bcb-87a6-4f16-8961-cacd86df8ef9,elevation,5
9f2ac2a3-8a46-4812-9cd4-1ffbbf87f700,elevation,5
22210e4e-a6e1-4b45-a058-1a07cb132cbd,elevation,5
2adbc1c1-dedc-415a-ac63-3eeb1cd05f33,elevation,5
2caefd80-5a06-467b-92b7-0feac13b863a,elevation,5
e41b9da4-2437-4340-85d9-83f011296b46,elevation,5
d07186e0-2879-4a18-a238-b26785f80898,elevation,5
6fda7515-335d-4394-a728-c4f26165158f,elevation,5
8db50400-fa4f-421b-9605-cea789c45e0a,elevation,5
e0652dc1-19e1-4626-9ab4-b37afcd77aaf,elevation,5
034b8b03-f455-4676-a6ea-89bf0c396269,elevation,5
541fec77-8873-4537-88d6-381705724d35,elevation,5
8122f309-cbd7-4b5d-9ac9-48be442bc637,elevation,5
30082b66-b2c5-431b-a65d-24a6e655c87a,elevation,5
733adc2b-931b-4b28-8ab9-c9c9b91ed56e,elevation,5
c9582963-a6b1-49d3-b7e7-baeb0ca759bb,elevation,5
3515ce03-edde-4b40-b5ef-8ff701d74c00,elevation,5
5637b419-7f75-4fc8-b479-a9e95f77c2a9,elevation,5
fb1dbe23-00cc-4980-8366-7736a68ed60b,elevation,5
6f2fd554-f196-410c-ab68-108df2eeb108,elevation,5
811aabbd-0c70-47b3-9fd1-c952375b782a,elevation,5
7d95765b-02db-4f21-9f53-a298021e6eb5,elevation,5
82353533-2d29-4e24-95c0-b3032be0a1b2,elevation,5
deabd258-154a-4962-9c8f-f6c0382403d2,elevation,5
45a9e823-0875-42f6-888c-3e434074e751,elevation,5
b3217b4a-b868-451d-9e87-1a44217fb5a2,elevation,5
af1c0b1b-94d3-4cbc-bdc6-ba7d68d13bd5,elevation,5
74bacf95-3648-49dd-99a0-7db01a7b69a5,elevation,5
7acb05fe-ada6-41bf-8999-55c3339fd0fd,elevation,5
b3affe49-9412-4d35-82c6-323e31adb3d1,elevation,5
cb19e15b-d8db-437b-8425-06569dc67889,elevation,5
f790450a-9be0-476b-ba1c-6221560adf57,elevation,5
7aae5ddb-d91d-49b9-916c-06d536e26dd5,elevation,5
405ca480-0e0a-4f47-b962-3cba63f7edcf,elevation,5
7b8bc17e-e660-43cc-93b0-aa71685a6289,elevation,5
873d1611-d02f-4e88-871f-c4966e4123b4,elevation,5
e8f40479-6dcd-42bc-ae11-3d89e65b199a,elevation,5
a7834246-bfa0-4fc2-9ad9-35ef9302f9c2,elevation,5
7bfc5ccc-b080-47df-9953-591e8f5ff812,elevation,5
1b63a535-350d-4b9a-9693-d5e1780387b0,elevation,5
f406b89d-b316-43c3-a6ad-cb31fe0b48bb,elevation,5
9ec69f56-21d5-42f2-bd7f-d1d0c63c090d,elevation,5
d92c8518-28fe-439b-ba0b-a38989c8ac3e,elevation,5
85a47b58-bf82-4d28-a375-bcabf0598d57,elevation,5
15abed4d-d37e-453d-9636-a6b5a1f39f73,elevation,5
a64def78-6c81-4563-ba0e-d52e2dd0cde6,elevation,5
8d9e7f82-830c-4f10-bd3b-3ef0e1fcc795,elevation,5
518b088a-7ee3-4a03-b34d-d07950a38996,elevation,5
8a660654-5dd9-40e0-9de4-de118de35606,elevation,5
59e91fc6-94f8-41fe-9195-898195cfbff8,elevation,5
d02c7839-ce60-41b7-af0f-0e637d4c4139,elevation,5
10575cd6-c54a-489b-a643-e89f24b2ed66,elevation,5
9ecd1e24-5e87-49b2-a6c8-edfcecce95fd,elevation,5
bf81f928-e921-492c-9c7d-01120e75ad79,elevation,5
bc966e06-0208-4aa5-aa16-4258afc63d50,elevation,5
7869c959-2ef7-4fda-8e98-98aa07b3aef0,elevation,5
4ba7533f-bc5e-4cbd-9c4e-95bf2f27ec1f,elevation,5
bcae9085-b715-402c-a87d-fc2ca167872a,elevation,5
aa3558cc-6704-4e94-8bfa-5c39f24fec62,elevation,5
f92a5ff3-34f9-4a03-a515-0969c711650b,elevation,5
532c6b4d-c558-406d-8709-ea58aa745f29,elevation,5
41e4f7dd-b123-46e4-a0b6-d928b38faef9,elevation,5
47f5ef9a-a515-44df-9bfd-3d51064ac0d3,elevation,5
c8e8c99a-9cdf-4462-a8ad-8c42441a419b,elevation,5
dd76a833-144d-4993-8909-a4ed624dc62b,elevation,5
a23e32d1-8a91-47af-b386-2e43fb15f0ce,elevation,5
84153c3b-88b7-42bc-aa26-649ee3cdb003,elevation,5
a95d6403-b800-4bf6-a4f4-4f5d8e2e218d,elevation,5
2d630c39-64a8-46ef-b15c-3657423575ca,elevation,5
918dc491-fb10-4438-89df-fd1fcc85e0a1,elevation,5
721294f5-9173-408a-bc18-9d314691b1d8,elevation,5
c9748a37-44ab-4f5e-8904-3b742c77bfb2,elevation,5
7fce17b7-34cc-4b3d-8e16-aeb50279878f,elevation,5
79c4406c-6b42-4c9a-badc-6dfdc8a94b2d,elevation,5
00f52704-12b4-4c22-8920-ccc2aae9f7a5,elevation,5
f66c2bf9-21d5-4298-b101-0bd96f12bbaf,elevation,5
9138a654-ed07-4d31-a793-263a157e99b2,elevation,5
60241fc1-fccb-4db2-adb5-b8bc29f30169,elevation,5
b0244d9e-7fe4-480d-8583-f75c7b31ea8c,elevation,5
68d6592d-363c-4c92-8ab7-5faa67bdf048,elevation,5
8606d84e-625f-4acc-b5e3-cb8193cb3958,elevation,5
8e553248-6f3f-4a7e-9c7e-f3ba257dfd94,elevation,5
912092f6-d968-45e0-8621-c6d5545fe20c,elevation,5
746b1b96-4124-4eab-81ae-a85583e168a1,elevation,5
0c0b3419-2422-42c8-8062-fc381983c2d0,elevation,5
dafd9c4e-f150-4c1f-9899-d72a3190b371,elevation,5
43443866-b7dc-432c-9786-ec8670ff6f90,elevation,5
9128e3db-7d0d-40aa-a9ca-f187fc3062d7,elevation,5
e4a3d580-a5fa-4bde-b51d-d256917dd7ec,elevation,5
a4f0c8b1-7d3c-48fc-8f64-1da2feb12f8f,elevation,5
fc32ad12-07a5-45fc-b3d1-a397f5c11c66,elevation,5
b310b542-7f37-41ab-8b53-a1dce9fa0701,elevation,5
ae0d0d3d-7945-4717-ab8e-8b93233671f7,elevation,5
9392f61c-94f2-44e0-b0ad-6251647e56da,elevation,5
1269f0a8-0bf8-498c-8f6c-a6ff922af310,elevation,5
637ac864-b672-4501-8dd1-79f9a30d588a,elevation,5
715a89a3-c9c3-4162-8b33-e0b7126ef7d5,elevation,5
73ad9aba-2e08-4699-9018-a5250df6d41e,elevation,5
2c4be047-6f0f-4329-acef-1f6a8d615dd8,elevation,5
a0450d54-1071-451e-b6c6-4798d62e7ad8,elevation,5
b96a6895-a599-4336-8d04-b7aab42bcf59,elevation,5
8ca65b37-9efc-44e2-81e0-294fcbcfb36a,elevation,5
fbd68b04-5560-4bf4-90aa-1cb776914965,elevation,5
68c3a682-8dd7-467d-81e5-8270f0a2963e,elevation,5
662af0a9-62fd-4f78-9e2e-4b26fcb4ad63,elevation,5
9c6d226a-99be-448b-a56c-ade369db56de,elevation,5
d73206e5-12e5-45ce-be6e-a8196898573a,elevation,5
8845a356-17e0-4951-b65d-ccec50c0f66b,elevation,5
29d4677e-ec36-4030-9a37-e51efb82dc2e,elevation,5
401bf405-1434-4d99-a4fd-5212b35b891f,elevation,5
d8505dab-eb9e-4824-b0a9-ca83b0772263,elevation,5
0e0953c8-e5a7-4b58-9506-e34db66a0e4f,elevation,5
238f9f36-4605-4622-9817-ffa90d1c19d3,elevation,5
baa0f838-e01f-4b8f-8df9-79d23781838c,elevation,5
ec6e283e-7619-4dd3-a837-6070254ae6ce,elevation,5
04e35a5e-7b97-4a0c-aac8-6339e9e8619c,elevation,5
c8e841f0-5774-4453-bb20-d288a70d8004,elevation,5
9269c341-56c5-4e51-97e4-c03a5bbf907c,elevation,5
d330e67a-8ee2-4b5d-aebe-5db3e44ed016,elevation,5
280ee8f1-f91e-43a6-9555-dec39fce99f1,elevation,5
5268dab7-d43f-4228-bbb9-1ce85a672a49,elevation,5
d8c7207d-e24d-4833-a42e-a1af925b26c9,elevation,5
32e7037d-abe5-409f-a6ca-758eebef461c,elevation,5
25a17540-d84f-4f49-b706-824aaca76ae3,elevation,5
b0e63bad-d1ad-4586-bccb-82254df17665,elevation,5
b3780659-c07b-4d81-815f-b806f335ad0e,elevation,5
c1738fc8-da70-4e04-a829-86ec70f7f618,elevation,5
5c57655c-fb9f-40f9-8626-b6bfc162413d,elevation,5
65e42999-688c-4b6b-8348-e96be14f5ee5,elevation,5
6976f0a5-ca13-4a54-a877-087f5a41e33e,elevation,5
065cae81-7b63-40b7-bddc-67acf790806d,elevation,5
a8e4e2a5-7cd2-4822-b278-ccde49297a47,elevation,5
37837e64-bd79-4d68-8280-10019999cf8d,elevation,5
cea6a7a3-a4c4-4326-a84a-562449e26c6f,elevation,5
e222f539-5c98-4249-add3-f266f9fbaaf4,elevation,5
ce69e91f-0a58-4ad8-a6b1-5556a9723cea,elevation,5
b0c61e67-d4db-458f-8b08-330335dc971c,elevation,5
2874ac34-759f-4cc3-b80e-3d6e5f1e2ea7,elevation,5
2f774c2c-f865-46e1-962f-4a0e17fec734,elevation,5
08218600-f546-4a07-a156-1baf16a63af0,elevation,5
5dffabff-a150-40aa-8f68-5c1d41e6d846,elevation,5
efca7086-2654-4ebe-acee-d0242c47e1e2,elevation,5
6a057e1f-5a53-4c23-8e7d-3ab1bfae0927,elevation,5
e118c003-a36b-46c1-83fd-cd8cf8c9e631,elevation,5
d8160970-4fab-4b9e-a08e-b04ea6cdd9f9,elevation,5
7d36599e-9726-4ca7-9cd7-53be874f6881,elevation,5
cb9e1417-6897-4698-ac47-b7f971bba2c8,elevation,5
f76e4d98-9943-4d41-8cdf-c71e2f6e0664,elevation,5
e02ad2ea-8449-4ea5-b4b2-bcef02b95218,elevation,5
b3371ee5-34a3-40d4-b325-b0b7ccef5d42,elevation,5
04e3b039-6fcf-449b-bf4f-362db29795a0,elevation,5
f887ebaf-fbbf-46f3-aade-b17c122cbbf1,elevation,5
66e1ee14-55c7-44ac-b0fc-0fa5590bef29,elevation,5
6934fdc3-52d7-48dc-80c3-9a5a7705fc96,elevation,5
7df068b5-0ec6-4769-a149-c77a0f643168,elevation,5
098787b8-4710-4ddf-8e5e-72c2b58ab719,elevation,5
b17ea199-f409-4b00-8bad-73c907e61c2b,elevation,5
ead2db8f-e7cf-4dc7-b660-668ba2a015d4,elevation,5
95f58b9d-271e-4ff9-8af1-918d04ea63a6,elevation,5
e8746dc3-d867-47f2-a275-8d700b0d5e6c,elevation,5
45af1c7b-c64b-4ab5-b560-01e7d874473a,elevation,5
c718bcc1-e8b0-424d-b197-35dc0cafa9eb,elevation,5
37caa6ff-57fd-485e-b215-15254f189988,elevation,5
0f79b972-6ba8-4328-ae3b-79de4a76ee42,elevation,5
e2d3d4f1-a9d1-4538-8c9b-a85e16e58c7d,elevation,5
2c00a095-acb0-4c4f-a139-8acf81da2f50,elevation,5
6185dcae-cd57-4460-938e-f88eecca04a4,elevation,5
0268c96f-4bf8-47c7-995e-44580e8386c0,elevation,5
62932b1b-7ce1-4848-b263-9ab5ad76e9de,elevation,5
0c139e02-7f16-464e-8fea-60c3a8bac90e,elevation,5
e5180ac1-a83c-4cbb-892e-40a8716f6b04,elevation,5
5ba30b5a-cb59-4cdb-a035-6e85c767b9e3,elevation,5
3190de6c-5bdb-4f33-a0bb-8ad8542768c3,elevation,5
ede83fa9-f01f-4ca7-aede-4e837fff4622,elevation,5
e56cc6c8-fc87-41a1-9736-041e6cfa3959,elevation,5
9bed1931-b414-49c9-88e0-d57d2930815c,elevation,5
d3087692-d48e-49c4-97ae-8e75e8e47271,elevation,5
fad251a5-7874-4172-931d-3646c27b68fc,elevation,5
d9894c3d-3e17-4922-8e28-7d99399ac06e,elevation,5
26b9411d-8f51-40a7-98f4-1c8c8e845968,elevation,5
175423bd-4063-4baa-8ae3-1a2b371d08b9,elevation,5
842cab73-974b-4ffa-9d42-9d3dbfe2be36,elevation,5
54889e9a-8ea9-45e4-93be-1748d4ee2ef4,elevation,5
a17b6f58-ab1e-40e5-8b2f-b58d4ad65395,elevation,5
5eeb1e17-8d09-4d03-b18b-80f722d9e3d7,elevation,5
3cb266a8-76a6-4653-abd1-f2b82094acb1,elevation,5
e48bf05f-0a47-41c7-89d5-b81c0341bb61,elevation,5
ce5e62a3-8a56-4d48-8bef-04a323528efb,elevation,5
daf10a64-f571-4503-ae07-e7ff0a323880,elevation,5
acaac37d-52b5-4234-b351-7cc93eb6f9d5,elevation,5
a7813b4e-9c73-476c-8466-bdb768f3ae71,elevation,5
a2bed878-f83c-4380-891e-9fec4ccb0912,elevation,5
792cddba-36dc-4650-8f66-950955fbae54,elevation,5
1d96f633-ab91-4026-a713-03d5dcc59b5a,elevation,5
77a7156c-2afa-4ced-89c3-a1e23f81f3da,elevation,5
68355b8d-91f3-4a39-b14c-432b70062bc5,elevation,5
7a3405be-00a6-4480-a0ba-f86c59c2c668,elevation,5
e96070fb-efff-4797-80d2-cd508388e44d,elevation,5
d7ce0250-0bb2-4eda-a988-88c8cd70923e,elevation,5
415d6e88-eacf-444a-a01c-99897e755d9e,elevation,5
9dc4c701-64ea-46e2-8b5a-bfdf7dc1ca51,elevation,5
60c8bebb-e898-4f4c-b1e9-4c96fc80d87e,elevation,5
7683ad2f-a673-4976-ba7a-b4c9b9250dfc,elevation,5
ef685a4e-87db-4400-9b9a-cd5e5834c074,elevation,5
32f5596e-bb74-4a08-bbe8-dcdb1495d793,elevation,5
8b143a9c-cd90-4270-8f5d-53f69d90c101,elevation,5
ce966d9d-3b18-4b51-a9d3-13d7be64bb1a,elevation,5
bbabfda2-af8f-4da7-a709-0a36e2336ee9,elevation,5
8fe65a16-7c1c-4ce0-bb72-ad2874bdb5df,elevation,5
86dd12b1-11ff-4c6f-8329-2c2d66b0a604,elevation,5
7ec87081-a0c7-441f-bb7e-ee10c4cab4b5,elevation,5
1d54e6e1-4f48-4030-a3c3-2159f775ce25,elevation,5
f77122b8-139c-47b2-ad6c-3d342587e559,elevation,5
86f3bb95-cd70-4765-9baf-6a6d4f8e1753,elevation,5
4838f58e-b63a-45a2-8705-c977e2cdae32,elevation,5
035cb9a7-3cc9-4196-91f8-b9573ca987a3,elevation,5
653c19d8-81e9-4d7b-b6cc-fdde19d6fd54,elevation,5
600c0b0e-d5c3-43d7-bf6f-a4a4209a3bfc,elevation,5
1b75c521-dd8d-417c-8a93-301e9bccf480,elevation,5
e8965d6b-53a9-4b55-b41f-23732ea2cb5a,elevation,5
02c820c4-9f71-44a5-8011-384a985e7bdb,elevation,5
47fd6253-b074-4cfb-9a13-813ada21579b,elevation,5
ef228775-ed69-424b-873c-36b49129f1e6,elevation,5
41d10aed-58a7-4359-bd17-36a39823f5bf,elevation,5
b2104ac2-2be1-4177-aa6a-7fc85af2e917,elevation,5
c379f9ad-8964-4ad2-9cd4-7f838ad09048,elevation,5
d43442f8-3f7d-4dd9-806c-385b750129a4,elevation,5
bb2c950c-1d86-45c4-85e2-1ac0153c2846,elevation,5
6a193373-abca-4410-becd-4ad7e1e09dea,elevation,5
9a72f4ab-14c2-4b3d-ba87-41c0afa59fb0,elevation,5
4d8f28a4-c82d-47f6-a1d5-87486be40c74,elevation,5
b90ae338-8a28-4b8f-83b9-002dc847a0e9,elevation,5
8e46804a-a446-443f-b484-bae70104af77,elevation,5
2093f834-9318-44b3-a7a2-4f4542723ec5,elevation,5
433a654c-d7ca-4b9d-9d4a-feeb4a49941d,elevation,5
c345f9c3-61c6-4e6d-b2ef-5e3df67c5979,elevation,5
fe664a96-6782-4b2f-8734-9dc9c087ed7b,elevation,5
ba4f2bf6-5df4-43e0-836a-3c73554d7480,elevation,5
53f5d1e9-440c-48f5-97a1-1f2c204973dd,elevation,5
592951e4-1d85-4ca4-ad0c-477ca44815b1,elevation,5
24c7b186-03a9-4562-964e-89b5befae00c,elevation,5
dfa00bfd-1c3d-4d2b-8276-7f184a93866e,elevation,5
b7972d1d-71e7-46f6-b9e2-c11388c75a6b,elevation,5
62b817ed-c8af-4fb8-bde6-5faa601ffbca,elevation,5
e01265df-dbf7-4afe-b59a-e39e3d5d610c,elevation,5
3b321d06-57f4-4d0c-8190-8bd3e0a0ad23,elevation,5
563fee91-64c7-474a-ae72-3cbaaf40954c,elevation,5
27bc69aa-4576-4e27-8a62-1db564057cbd,elevation,5
85ac5265-3142-4653-843e-9999ff32c3df,elevation,5
6a05dd28-c414-4343-a782-1029715a669d,elevation,5
a751068c-1a2b-47bf-91a4-6238b868d33c,elevation,5
8a24928a-a93e-45e8-8294-73ee7f104df2,elevation,5
2cb0b1f0-9cb3-411d-85df-762dc631c769,elevation,5
89f5957f-b229-4dc0-9eb0-34781e749098,elevation,5
22e326ff-85c6-4136-a508-e09f423e6d9a,elevation,5
73c18a01-5cbe-4bfb-9a0f-e33409378ea2,elevation,5
dde0b316-f769-41f0-99c2-e96436f3d84d,elevation,5
758114dd-68d1-472f-8f19-5ff5ec00832e,elevation,5
5dccb971-81bb-4135-aa35-20c5eca96e5e,elevation,5
781806f0-95fb-4b2b-8906-b9f547885e04,elevation,5
b33bd95f-fc33-42e8-923e-1a6026ecfc42,elevation,5
1ec76ff2-0f72-4176-ae0b-003a44dd0309,elevation,5
2ca1f1b9-69e9-4082-a23a-92b8676d1499,elevation,5
7ab0e481-20c4-4514-8379-1d95de5ffe80,elevation,5
acc99157-ec06-4940-b844-cf119ed035fd,elevation,5
63d7bfa9-d843-4b7b-88b3-7a44ca7f274c,elevation,5
7d514141-c5c9-4e06-86da-0356fb691e22,elevation,5
9866c429-8641-4560-ab61-5d98e06da3b9,elevation,5
5057acfa-fbe9-4692-9644-30f2ddb18f48,elevation,5
f93df88d-ae9c-48d9-b249-b9fe8dcdf3ae,elevation,5
9d2e7da7-9f99-4b67-8d0e-b9d0e159d25d,elevation,5
41248cf0-b65c-4711-908e-d70186b101a3,elevation,5
e699b2e0-c86e-4543-8102-4bcac43298ae,elevation,5
4c84d532-0732-4860-94f3-5c888b2053a7,elevation,5
ba11c42c-52aa-418b-b7c0-b0ba31b70ca7,elevation,5
a97a8b3e-39ad-40a4-bd44-fdcee1936102,elevation,5
2fd5c9b6-8efe-46b5-9441-b02acfa55903,elevation,5
fc40b6fe-c114-4fab-98c9-986e773984d8,elevation,5
41ad2023-a9a6-44e3-a29e-a3b1e91bd04f,elevation,5
d178afe6-1112-40f6-a823-08d70657b99c,elevation,5
5e7f17ee-ddb3-4502-85c3-57ecf0778093,elevation,5
bc2699f9-08e7-4739-b0e0-cbb2560a0285,elevation,5
39b2db96-7282-4ba1-8b4e-6571733faa6d,elevation,5
46a2b959-ef22-4900-bead-7902fcc4316f,elevation,5
868a0e64-55b5-4c83-81da-1e9a0703dabd,elevation,5
dbce9043-fddb-47d3-a7d0-779ecb560072,elevation,5
f0be2126-d401-43f1-b0c5-a24aeb75bb83,elevation,5
fecabf84-ea05-48ac-8ee1-05f385ff345e,elevation,5
bd934b6c-cd90-4a4a-9592-4658bc656de4,elevation,5
3648a728-9a77-414d-a0d4-58342bf1e498,elevation,5
a34d6935-81c2-41b1-93ae-edcdb9b6ebf1,elevation,5
074d58c5-e1ff-4446-8b33-034dbb054274,elevation,5
31a29d65-8901-4282-b2d4-e2bf08e4225f,elevation,5
e75f99ed-1c54-4e0f-9aa8-9840ff6cd24c,elevation,5
2c9c6052-fe07-42fa-a9bd-389fa75ad805,elevation,5
80f7c0a9-fe93-407d-a32d-7f64458d77a8,elevation,5
19a231d4-c93d-4eae-837d-86a962ab202d,elevation,5
f60701d6-8f44-490d-82c3-e3b4acd2ce1a,elevation,5
dca3639a-fff5-49fb-a9f3-c6488c832bdf,elevation,5
2dfc566e-e395-4aad-8c06-941bdbf9c6b7,elevation,5
a35c8f51-f37c-43d5-bc29-5c79f4aa8905,elevation,5
00ccf311-8c52-496b-8f71-7c5f62c5d1aa,elevation,5
00de4456-9664-4bd2-97df-85cfbde594a8,elevation,5
90e23c4c-f999-43a9-823c-cf8217e123ba,elevation,5
954031ce-999a-4c5c-89d5-1178f5e42284,elevation,5
87b73288-58e3-4e52-accc-37cba83f3484,elevation,5
4dd0632f-90fb-4225-8e46-5f1187cd5d46,elevation,5
30f74d1d-7a02-4b3b-9f5a-29d892491ebe,elevation,5
e66a7712-8491-4e10-a9e5-304e590d542f,elevation,5
4998c651-a21f-4abd-8088-97b3e0bbe46e,elevation,5
f21eb4c3-112b-4674-a00f-9d5f5e0ff518,elevation,5
39ea9eff-9bf3-4cb4-9acd-255329d9733f,elevation,5
a472d788-7831-4bc5-a0c0-c2a0d58e10a2,elevation,5
be85851f-0489-40e4-b376-8ccceb304499,elevation,5
09259a38-bf46-4f4c-87c0-9402d4a6a33a,elevation,5
52c19068-a8b2-4a83-bfb0-f6d909864b7c,elevation,5
ed5e0988-97b5-494d-91aa-bc46f068266f,elevation,5
379bef50-3c36-4a75-a465-1b980ae1f9af,elevation,5
5787f888-315d-45e2-82ee-5eb98ce28b6a,elevation,5
39aa257b-62cf-45a6-a28f-b7b411946e59,elevation,5
391a2158-db44-49c8-80dc-8957207a5e1c,elevation,5
378d8063-9b05-4baa-9a0e-a97c6e787cd0,elevation,5
28a5657f-a8bf-4c3d-a727-e9c4bc52d9db,elevation,5
8657d81e-49b0-47af-8fe8-ce1794e66059,elevation,5
425a4f4c-a0de-4039-9413-69a6737959c1,elevation,5
ede03c5b-8dba-4918-be11-ae69be32dc95,elevation,5
a5bea52d-e021-4c27-b3be-3a09a147da4b,elevation,5
dc71c4b4-2874-419c-8bdc-f02dd3f53672,elevation,5
c9af70d2-eece-4a34-b401-fcb305d4df27,elevation,5
172beb76-6db2-45e6-abd4-9892656afffb,elevation,5
3a1d328f-bb88-4afc-b74b-62f0a1630946,elevation,5
27725409-fce5-4db4-b32f-1e756bc32b1c,elevation,5
e8caebe9-5ba4-4f82-bde7-c90bb9bf1ddb,elevation,5
fbb43e29-bd34-46f9-b1c6-c8df94f0b4ec,elevation,5
65d362cd-4a53-4c98-ae7e-96d3c232bfa8,elevation,5
9e2f6cbb-7ed1-4c79-be04-12f484a95e51,elevation,5
0519c6ec-24fd-489a-8c92-edb7c59e20fb,elevation,5
b8081aab-f507-4f0b-9e7f-e67518ee3ab8,elevation,5
1b4e2251-c5cb-403d-ac21-e72e37841e3d,elevation,5
9497e276-4eaa-40bd-beb1-e941bd2e27b8,elevation,5
2a4a285d-aa0b-485b-ace6-654caec61016,elevation,5
a189e172-8758-4a95-99fa-f8e95bbb5bc7,elevation,5
0dd276a7-68fa-40c3-8bf6-2505b7e42b75,elevation,5
7e2768c7-8651-4ad5-96fc-0d5f80967108,elevation,5
e86f8844-9d1d-41c8-8f79-4995bbfef12d,elevation,5
edaaad90-f642-45cd-b608-2458c4248b2e,elevation,5
0afd6326-8ae5-475f-82f3-a62b3c2440f7,elevation,5
fb50b2be-7c23-4d91-837c-cf26e9018f88,elevation,5
82b518b5-befc-4e11-a02c-86fa25725f17,elevation,5
2d2c84a1-4aa7-4767-b043-2d89a6581e4c,elevation,5
7c491dd9-7d45-4796-b5fe-72ca7410cd2b,elevation,5
5606902a-4e8c-4b57-97d6-05693cd04591,elevation,5
ba55a0ae-ff15-4f7e-bf2b-6aa48a762794,elevation,5
3f8339c5-ca29-41d5-9f36-b0a6768113a6,elevation,5
0a29ff02-b2b5-4320-8f1e-3de77ac25721,elevation,5
7f932fed-2a9f-47d2-a315-d2acef0af0da,elevation,5
1ac73cb7-c945-48f7-9722-6ec865caa8b2,elevation,5
5368014c-82ab-4f52-a388-a417daad843f,elevation,5
08e110be-2878-4f51-bb8f-b54b158a3b28,elevation,5
60e82f5e-0b3c-4c4e-9db2-aa97c3f25ec1,elevation,5
eb3d6f4d-ffce-4111-958a-ef276b67fcee,elevation,5
3a14f217-7a0f-453b-871e-6afe4c113b0a,elevation,5
60bea3f3-3196-420b-aef0-a4bf615177fe,elevation,5
8accfd74-9c07-4c74-bc24-6b1a6282821f,elevation,5
8b3c7614-c4dd-4452-87c7-0e8a3addb8e5,elevation,5
7a47cb3c-a73d-47e7-a328-6937b37a36cf,elevation,5
4e8c6bc1-1e7c-40ad-8c5a-4b99a816b246,elevation,5
e28fc202-f806-4a96-b989-99251efb4124,elevation,5
7ae6e6fd-8c43-4ca4-8bdd-350449e4b46d,elevation,5
381b370f-ce39-4805-95e1-3d95ef511976,elevation,5
807f3183-b5cd-4e21-86d7-3cb451eca18a,elevation,5
059b9f55-79ab-43a0-a153-abbc2291051b,elevation,5
26eb82cf-acdb-44da-abf5-984be5cc4271,elevation,5
da2ff42e-f824-489a-ab41-31cb0bcb21b1,elevation,5
9f56f90a-b918-4456-a30a-01aa3043b60a,elevation,5
08de84e3-7760-4c58-b0c9-3e9518772085,elevation,5
52b2f53a-a295-4edb-978f-5fc8472a3911,elevation,5
ee54e323-750f-4bd3-8244-a692aede3061,elevation,5
67250d2e-2642-4b7c-916b-c68d74be54ea,elevation,5
8a1136a1-d5fd-402a-ae6d-b0dc2ebbc9c8,elevation,5
17ecf920-d932-4490-aaca-316bc433d0d2,elevation,5
960907ee-cfbd-4331-87a0-70a8162eda29,elevation,5
a4223298-96a1-49c3-8e2b-b5d159b84f2d,elevation,5
3bd132f3-5cd3-44df-9c2d-b82899ab42bb,elevation,5
d0de4a75-38bb-4d37-be97-72ab8d1064bb,elevation,5
dce394f0-1a59-4be9-8f8f-454b209f66c1,elevation,5
abf673d6-ce5f-4254-af9c-33a9d94f2ad6,elevation,5
6d358580-b1ad-48bd-9001-20d1b7d3f0f3,elevation,5
e7814f67-8174-40f2-a225-d51c83acfd4c,elevation,5
6d912523-4f83-4536-869c-37aad9a0a155,elevation,5
b587b401-66ec-4f94-874a-195377d1e860,elevation,5
4ceadb5f-c60c-46c8-9b03-a55516b57441,elevation,5
89d1e259-17aa-4538-9326-e6d94476b728,elevation,5
a796bc94-ca6b-43e6-9af2-36eb5d2fba5b,elevation,5
e174e84d-492f-4fa9-97e9-86aaa6d7a5fa,elevation,5
99360b42-90c3-4c16-be31-0aa49695b80e,elevation,5
b41afccf-6fd8-4cdc-b7af-7bc870167a76,elevation,5
ac38213e-b527-4e2f-9e4d-70c9c42fdf78,elevation,5
01cb4f1e-fd2e-4dbf-9cc9-fcd46d14bf4b,elevation,5
d7ff907c-0bab-4dce-a72b-2eb1436787e5,elevation,5
fab416cc-d822-42ce-82c2-c86d916acb28,elevation,5
7f7a3d24-2096-473f-bcce-df2235170ae8,elevation,5
f71fa5cd-bd8b-473d-acfc-3488dc42b10e,elevation,5
5996e65f-231a-42fe-ba36-d890730be86d,elevation,5
bf9b96a1-dc63-4df1-8ab9-3afef4ce8d51,elevation,5
1cefaff9-a62b-4a57-9b2a-01ded0446c13,elevation,5
669b6d81-7824-4ff4-9546-909c3ed1a285,elevation,5
38902535-c6cb-4167-a8d6-6d09b5fa58b3,elevation,5
6be0b23b-9f33-441e-a90f-329dafc1f85e,elevation,5
8bc5cfc6-38d8-432c-83c8-fddb72df92c7,elevation,5
4090196e-c887-4a6a-bcd6-1d90cfd3ae95,elevation,5
a752fbdd-bdd9-451d-8e9a-53c32f3cefd6,elevation,5
7b27070c-9b01-4e83-ac3e-c7c810b013bc,elevation,5
e5b9af78-881b-4ada-bdbe-9e8cadaa2d14,elevation,5
0336a0e5-a092-4bcd-a223-9c4bcb9e5138,elevation,5
d603bb86-059a-4804-b292-18ffb8dc68b4,elevation,5
612fefb0-32a6-4531-9d6a-e26f320cb7e8,elevation,5
b582798c-b677-4bce-b7f3-f6887588a821,elevation,5
86dea394-160e-4f88-8e10-ee80eefaf436,elevation,5
c5391c60-6e60-4d04-a1c6-832fb2a3136f,elevation,5
d2ed41ef-da59-471c-9f4e-1089c2a75485,elevation,5
16fafe03-6bbc-4767-bd8a-19eab6b0ad7a,elevation,5
990a09df-37e3-452d-9341-e71affe24020,elevation,5
5def31d3-14b1-452c-8924-79ec9640aa46,elevation,5
a81e11c3-c71b-4f72-ac27-5b7649ee7aa2,elevation,5
435649ac-84d5-4bc5-bdae-9d15eaad96e9,elevation,5
e29fe014-023b-413a-a39e-5e7563afdeb0,elevation,5
ab12e8ff-8148-4152-a48f-a859e8424deb,elevation,5
b3497b3c-f9ce-4202-b7d0-dae6a58d10b5,elevation,5
e36d90ea-00f1-41f6-bb48-6bd4c0065d1c,elevation,5
e88d352e-3276-44d4-9f95-e5993d65392f,elevation,5
f819996d-6b37-41e2-a854-02cff8546d4c,elevation,5
f02a4915-2686-4209-9498-81091af38599,elevation,5
2e1ad92c-62b1-46ea-b98f-47df2fd0c1c0,elevation,5
d73fee78-bfe9-450a-8906-20014d55c922,elevation,5
4ab07d63-c1d7-437b-a7e9-aa5f34739689,elevation,5
714221e0-3d0f-4dd5-9647-897d9b306383,elevation,5
c1b6d269-4380-46b9-8197-7d52a782e939,elevation,5
1bb947c1-f6d9-4029-82a9-8112eb693030,elevation,5
561cff0e-52ed-48b5-814d-44c413915425,elevation,5
8f6aa3eb-59d3-4a71-b7f8-79f11c83b916,elevation,5
8cd1d7b1-ab54-4783-94eb-ed37f0e5430d,elevation,5
7285a1aa-37a9-4f07-8ab8-c84f40acab1d,elevation,5
aa51c5a4-95e5-4ee2-9169-3a4e544af645,elevation,5
21557c07-d0a8-4704-9a30-0ca645498e4a,elevation,5
12b4a469-b0d0-43a5-bc9b-d8ccc7d940e8,elevation,5
62573c5c-0c41-464a-a28e-1a4926827fc1,elevation,5
468b102c-4ac8-40e2-a4f2-b61a8d929244,elevation,5
dc6e0469-4c74-4776-8a9d-7d9d4885660f,elevation,5
ffa13141-63ce-4788-9661-aec40f5a6ecc,elevation,5
a412bfa7-e37b-4ea5-9597-8829cb2b9fd1,elevation,5
e51e166d-0abc-4be9-bbc8-4e931450d7ce,elevation,5
67a927b8-6d49-4c5b-830c-306c9b5d83a3,elevation,5
c3995af5-9638-4011-b1dd-ee1258f26fe0,elevation,5
c3d32bb1-230f-4988-90d2-88ed35d10057,elevation,5
5cb132fd-513a-4100-bf76-404e47d38b95,elevation,5
01a4b623-ec2f-40af-aed3-5261d4379515,elevation,5
6b0e0fb0-b500-44ea-b79a-5afe6f1c218e,elevation,5
80d85301-9326-40bf-8d4d-a2d30e984929,elevation,5
1246d4e1-255f-454f-862a-c7e27080628e,elevation,5
b00bedf4-546a-4fcc-ae64-ccadc76b9ec4,elevation,5
f3a04f29-9ef3-4380-93df-5fe4fb7db896,elevation,5
6105d00c-7c35-4d30-a776-81d4bdf031f4,elevation,5
470e3ddc-56db-4327-a341-e0e348328407,elevation,5
95b66187-1772-41bd-9262-990fdae65749,elevation,5
3312a2e8-8ea7-40b0-9ec4-5f2aa5ffa3b6,elevation,5
6b409916-e858-4210-8b79-ded2dbb0a86f,elevation,5
d9dbdf99-82bc-471c-87c1-7eafd2fe8b74,elevation,5
dc1fd65a-37e9-486b-8163-e083d97b8385,elevation,5
eba8c4da-5d8a-4d32-9dee-a5857812c8de,elevation,5
98999545-bb30-4e7d-bdce-5ccab1253e4d,elevation,5
bd5d6d0b-aa4f-40e2-a9ab-6dbd89caf171,elevation,5
a62f4a98-84b2-4e53-ab71-07262a60807d,elevation,5
3ab58348-184a-49be-a045-352a417255ee,elevation,5
f2e880fb-a7c1-4ad4-824f-3dba9f72e9a2,elevation,5
be2db4b6-f57e-43b0-be3d-16e6fee0d7ee,elevation,5
726b316c-704e-40ec-8234-c140a2ab9a81,elevation,5
2c31001e-b4ff-483e-a443-df68843cba2f,elevation,5
730a17a4-786d-4ad1-b274-b471eae020a0,elevation,5
93c8be46-9a5f-430c-918d-91bd800af3a7,elevation,5
96fef6e3-31f7-40bd-9dfc-53e6ba2db0d1,elevation,5
2679ed9f-668b-4990-8a85-eedea1161770,elevation,5
16034c83-050d-432c-ab64-b49bb2ba1652,elevation,5
fa0326c9-12fb-4ecd-b3e8-25a854fb3953,elevation,5
e9627de5-5e09-4e7d-8f52-3b07be324f30,elevation,5
6d3792ab-7929-4eea-b0a6-d9d19ce7d308,elevation,5
e763583a-cdbb-4ac0-9a13-f49bb3d0ee39,elevation,5
d1f9f4f4-2c0b-4af3-b6d9-f3c898be99c0,elevation,5
b34a65cc-7d9d-48cf-9b70-4d2876ff5104,elevation,5
42eac2a1-0f18-493c-b550-d47c0cec6b89,elevation,5
db81c93f-fe74-4035-bc0a-0fc8cc6faf6a,elevation,5
ebb3cc2d-b00b-4123-850a-c59bd65618ef,elevation,5
20250da6-bfc7-482e-aa4f-136eb9c02092,elevation,5
81b6bc65-3dc1-4ef1-801f-f42d2af67951,elevation,5
1e14141f-04a6-43c8-84c7-40b89c11463f,elevation,5
f5839701-1d63-4ec5-8595-842cdd670be3,elevation,5
2d3f5703-2da3-4199-bb50-7d7b6c1cdda1,elevation,5
31a5d213-6904-4a53-8f06-3a14036b9cc8,elevation,5
c1f9556a-0211-4b5f-a910-28e7c32cef02,elevation,5
51c44cc1-fb3c-4d2a-8ae4-a3a011125479,elevation,5
cea99a01-5bd9-48bd-9556-27bb7e4ad232,elevation,5
1d7375f7-6d25-4aeb-b619-d3db89216bb0,elevation,5
4a0311fb-0add-4dc4-ae4f-feca9c5749d8,elevation,5
6ceec23b-d12f-4b56-8924-88d79bb89ca8,elevation,5
f31d5853-57ff-4baa-8dd2-729f3f757456,elevation,5
1ef3b665-709c-4076-8db9-55a319d83b32,elevation,5
0a8244f4-c5c2-4340-9e5c-3fc9c5b9b0df,elevation,5
6ac02388-f64a-466e-811c-f575bf3d1408,elevation,5
27ecf36e-0a14-4e36-ae39-51820d3363cc,elevation,5
fb61e3e5-64be-4b7a-a84f-c90672e976c1,elevation,5
83b5367d-4d1a-4d2d-8bf6-452eda7810c9,elevation,5
3070e869-35ee-425c-b6de-bbdfe08b1b8b,elevation,5
8b58ddae-feb2-4beb-b770-c839eae54f90,elevation,5
78d226cb-99ec-47ad-a043-24c6bdc870af,elevation,5
65844562-aa0e-48e8-b894-91595f4a2f0e,elevation,5
37bf7039-173d-4fa4-b99c-ccfe94690885,elevation,5
78801258-c89b-4c90-a588-5ce98d395193,elevation,5
45948f04-8348-45eb-a36b-3a1b7e594810,elevation,5
08272a76-a768-46ed-bed9-d60c058de64a,elevation,5
99135d6a-2885-4658-b3ba-fda406143934,elevation,5
7ed3fb9a-0002-4ca0-b90a-ea72c2421b3a,elevation,5
2b041638-92fd-44d7-b489-93cdd9d9a401,elevation,5
479c5f0e-242c-4a1b-8d15-ea604cb655c7,elevation,5
8cda9024-f7ec-4a7e-a6ff-7feeb3761c03,elevation,5
235b71d1-c64c-4b2e-9570-2eac285ed36a,elevation,5
e3734e61-5086-4efb-9a35-70b91838c635,elevation,5
3ed7acb8-0280-4d65-bae2-0d5f757ffebb,elevation,5
79c5453a-672d-4a0f-9655-723d129f1b7e,elevation,5
d3339d1b-1a6b-42e0-b5b9-6001958ba0ab,elevation,5
4fe5be0b-c993-482f-b859-244fa1ee074c,elevation,5
650b7c8c-2208-4427-9e6f-21587cf23739,elevation,5
ec2d3d55-0936-409a-8ed3-fb3b06e09fda,elevation,5
548ee528-1e48-48cb-9b05-9f8771326a2d,elevation,5
2362ae3d-de1d-4e95-9e68-10be1945ce42,elevation,5
25823b9b-e4ed-4d20-a1c4-38583953f744,elevation,5
d7b80dd4-9c64-4a8d-88d1-873866271b38,elevation,5
6a67b1d3-2cbe-4e7c-b789-b2af001559cb,elevation,5
a33d71b4-94f1-4784-8794-f9e4b226a7fd,elevation,5
06d2e8e0-735b-4e38-b002-7dde5c522a48,elevation,5
75ab6d59-5826-4c1c-bf87-b0392d5c0ba7,elevation,5
8a4ae47e-a70c-473c-9d20-5a34b3d5060a,elevation,5
65cc5810-cd8b-4246-97d4-fa47af9c9ff5,elevation,5
b8c6bebd-7238-4454-b114-d3f6cae5ecbf,elevation,5
0b51f2bb-0bc2-406c-8b3c-97515e2ccef8,elevation,5
e0be9b3a-d755-4f33-9cbc-54df6076f76b,elevation,5
8f251c37-4d75-4fe0-bea3-141548ccd487,elevation,5
34fb9505-9742-44ef-a58f-3329a35dc00f,elevation,5
83179a94-2a44-4005-a834-a80bc1976ada,elevation,5
96ae4a62-31f6-46b0-a473-ac534b2b0a10,elevation,5
71208f14-a1a3-42e4-a2f5-eb7df321826b,elevation,5
db4593a5-9cb7-4484-8763-baa1e147fe05,elevation,5
fea0b120-c74d-4df9-b390-ea02542ce0c0,elevation,5
07603d67-6bc7-4862-9943-070cb0e5afd7,elevation,5
81fe41e2-5cf7-4500-ac9f-581b76a9910b,elevation,5
5917b050-bee2-4fe5-b629-4230da70ec6a,elevation,5
11d4c0f5-cee1-412f-a70e-fe934dd1996d,elevation,5
8ab5c0e6-3ffa-4de5-8c9c-f34abb256da5,elevation,5
4b90a7aa-94fb-4b66-9b30-8e37ecf7dea3,elevation,5
2a06d31c-19c3-454d-854a-9b2496dfca78,elevation,5
a1316035-383e-4964-b573-e40ff584687b,elevation,5
f10ae564-2991-42b4-a8e1-5350c1b94f89,elevation,5
98983a3f-393a-47f5-bf6d-2e034df31dcb,elevation,5
da0e8ad9-4e18-4ce9-9c41-f6ad6bb63075,elevation,5
fdaf18c7-4d85-4923-9d09-c37cb21b9ac1,elevation,5
09b7610b-3b2e-49e2-a69d-681902a3bd37,elevation,5
8cd14ba9-b512-48a9-962f-687aa42e10e3,elevation,5
4ab36ab4-5784-4514-b050-fffdad2e6bcf,elevation,5
6f6e5490-2fe3-4567-954d-c171426aa562,elevation,5
5375fb3e-e93d-4bb6-8b5b-6a559a9b8336,elevation,5
7c4f259e-443a-41bc-8025-707a9f00788f,elevation,5
bd83aab6-9fd4-4e7b-98ce-24d64956b4c7,elevation,5
e15c40ec-1f22-405c-b258-b0db6b771b91,elevation,5
8492422c-f0cf-43ee-900a-ded5da15bc17,elevation,5
75e8b859-ca21-4cce-add2-1f376bcf0a3c,elevation,5
0a058f8b-8eab-4246-9e45-245077e0e778,elevation,5
009b91be-0669-4d96-899d-d1a12b0f8b3b,elevation,5
95c14f65-0e33-4f51-b3cf-d2d587c332a6,elevation,5
b025eda2-69c9-42ed-bcbe-552c5cc06cb0,elevation,5
d27011fb-8e11-4049-8a4f-97dcd87c80d8,elevation,5
c002d1f8-15bd-4945-9e70-9a28c7402413,elevation,5
e6e5e9d8-5e92-4870-a1f5-baa9e20af88d,elevation,5
0423e975-8b91-4a46-a23f-63f348737eb7,elevation,5
02afe6d8-c3e6-4bab-9640-0dcda46a7383,elevation,5